"";"Fecha & Hora";"O3";"dia";"hora";"hora_normada"
"1";2019-01-05 01:00:00;"10,31922212";"5";1;0,0208333333333333
"2";2019-01-05 02:00:00;"8,377011117";"5";2;0,0625
"3";2019-01-05 03:00:00;"6,31709035";"5";3;0,104166666666667
"4";2019-01-05 04:00:00;"4,845718374";"5";4;0,145833333333333
"5";2019-01-05 05:00:00;"5,120374476";"5";5;0,1875
"6";2019-01-05 06:00:00;"5,650068388";"5";6;0,229166666666667
"7";2019-01-05 07:00:00;"5,08113789";"5";7;0,270833333333333
"8";2019-01-05 08:00:00;"7,651134275";"5";8;0,3125
"9";2019-01-05 09:00:00;"24,81714066";"5";9;0,354166666666667
"10";2019-01-05 10:00:00;"52,28275088";"5";10;0,395833333333333
"11";2019-01-05 11:00:00;"69,17410116";"5";11;0,4375
"12";2019-01-05 12:00:00;"76,45248787";"5";12;0,479166666666667
"13";2019-01-05 13:00:00;"100,5829883";"5";13;0,520833333333333
"14";2019-01-05 14:00:00;"114,2961751";"5";14;0,5625
"15";2019-01-05 15:00:00;"114,7473958";"5";15;0,604166666666667
"16";2019-01-05 16:00:00;"90,91116982";"5";16;0,645833333333333
"17";2019-01-05 17:00:00;"46,45611786";"5";17;0,6875
"18";2019-01-05 18:00:00;"28,46614316";"5";18;0,729166666666667
"19";2019-01-05 19:00:00;"15,94967222";"5";19;0,770833333333333
"20";2019-01-05 20:00:00;"8,200446479";"5";20;0,8125
"21";2019-01-05 21:00:00;"10,18189407";"5";21;0,854166666666667
"22";2019-01-05 22:00:00;"8,514339168";"5";22;0,895833333333333
"23";2019-01-05 23:00:00;"6,729074504";"5";23;0,9375
"24";2019-01-06 01:00:00;"7,101822071";"6";1;0,0208333333333333
"25";2019-01-06 02:00:00;"6,474036694";"6";2;0,0625
"26";2019-01-06 03:00:00;"8,337774531";"6";3;0,104166666666667
"27";2019-01-06 04:00:00;"11,20204531";"6";4;0,145833333333333
"28";2019-01-06 05:00:00;"8,671285512";"6";5;0,1875
"29";2019-01-06 06:00:00;"6,31709035";"6";6;0,229166666666667
"30";2019-01-06 07:00:00;"5,395030579";"6";7;0,270833333333333
"31";2019-01-06 08:00:00;"6,630983038";"6";8;0,3125
"32";2019-01-06 09:00:00;"7,239150122";"6";9;0,354166666666667
"33";2019-01-06 10:00:00;"15,30226855";"6";10;0,395833333333333
"34";2019-01-06 11:00:00;"36,68620793";"6";11;0,4375
"35";2019-01-06 12:00:00;"72,60730244";"6";12;0,479166666666667
"36";2019-01-06 13:00:00;"80,35652818";"6";13;0,520833333333333
"37";2019-01-06 14:00:00;"76,02088543";"6";14;0,5625
"38";2019-01-06 15:00:00;"64,0144901";"6";15;0,604166666666667
"39";2019-01-06 16:00:00;"52,67511674";"6";16;0,645833333333333
"40";2019-01-06 17:00:00;"41,74772753";"6";17;0,6875
"41";2019-01-06 18:00:00;"29,74133221";"6";18;0,729166666666667
"42";2019-01-06 19:00:00;"13,53662218";"6";19;0,770833333333333
"43";2019-01-06 20:00:00;"10,08380261";"6";20;0,8125
"44";2019-01-06 21:00:00;"14,30173561";"6";21;0,854166666666667
"45";2019-01-06 22:00:00;"18,02921128";"6";22;0,895833333333333
"46";2019-01-06 23:00:00;"20,55997108";"6";23;0,9375
"47";2019-01-07 01:00:00;"10,80967945";"7";1;0,0208333333333333
"48";2019-01-07 02:00:00;"14,65486488";"7";2;0,0625
"49";2019-01-07 03:00:00;"11,84944898";"7";3;0,104166666666667
"50";2019-01-07 04:00:00;"9,8287648";"7";4;0,145833333333333
"51";2019-01-07 05:00:00;"9,456017232";"7";5;0,1875
"52";2019-01-07 06:00:00;"8,39662941";"7";6;0,229166666666667
"53";2019-01-07 07:00:00;"9,612963576";"7";7;0,270833333333333
"54";2019-01-07 08:00:00;"11,49631971";"7";8;0,3125
"55";2019-01-07 09:00:00;"12,30066972";"7";9;0,354166666666667
"56";2019-01-07 10:00:00;"9,652200162";"7";10;0,395833333333333
"57";2019-01-07 11:00:00;"7,474569638";"7";11;0,4375
"58";2019-01-07 12:00:00;"19,81447594";"7";12;0,479166666666667
"59";2019-01-07 13:00:00;"41,37497996";"7";13;0,520833333333333
"60";2019-01-07 14:00:00;"34,39086765";"7";14;0,5625
"61";2019-01-07 15:00:00;"33,25300666";"7";15;0,604166666666667
"62";2019-01-07 16:00:00;"25,20950652";"7";16;0,645833333333333
"63";2019-01-07 17:00:00;"20,26569668";"7";17;0,6875
"64";2019-01-07 18:00:00;"21,48203085";"7";18;0,729166666666667
"65";2019-01-07 19:00:00;"15,34150514";"7";19;0,770833333333333
"66";2019-01-07 20:00:00;"12,10448679";"7";20;0,8125
"67";2019-01-07 21:00:00;"8,318156238";"7";21;0,854166666666667
"68";2019-01-07 22:00:00;"5,473503751";"7";22;0,895833333333333
"69";2019-01-07 23:00:00;"6,062052541";"7";23;0,9375
"70";2019-01-08 01:00:00;"5,041901304";"8";1;0,0208333333333333
"71";2019-01-08 02:00:00;"5,512740337";"8";2;0,0625
"72";2019-01-08 03:00:00;"4,865336667";"8";3;0,104166666666667
"73";2019-01-08 04:00:00;"4,904573253";"8";4;0,145833333333333
"74";2019-01-08 05:00:00;"5,061519597";"8";5;0,1875
"75";2019-01-08 06:00:00;"4,943809839";"8";6;0,229166666666667
"76";2019-01-08 07:00:00;"5,669686681";"8";7;0,270833333333333
"77";2019-01-08 08:00:00;"6,238617178";"8";8;0,3125
"78";2019-01-08 09:00:00;"10,90777092";"8";9;0,354166666666667
"79";2019-01-08 10:00:00;"25,13103335";"8";10;0,395833333333333
"80";2019-01-08 11:00:00;"47,1623764";"8";11;0,4375
"81";2019-01-08 12:00:00;"63,72021571";"8";12;0,479166666666667
"82";2019-01-08 13:00:00;"76,02088543";"8";13;0,520833333333333
"83";2019-01-08 14:00:00;"86,14392462";"8";14;0,5625
"84";2019-01-08 15:00:00;"73,33317928";"8";15;0,604166666666667
"85";2019-01-08 16:00:00;"33,29224324";"8";16;0,645833333333333
"86";2019-01-08 17:00:00;"32,25247371";"8";17;0,6875
"87";2019-01-08 18:00:00;"25,52339921";"8";18;0,729166666666667
"88";2019-01-08 19:00:00;"14,26249902";"8";19;0,770833333333333
"89";2019-01-08 20:00:00;"13,71318682";"8";20;0,8125
"90";2019-01-08 21:00:00;"9,436398939";"8";21;0,854166666666667
"91";2019-01-08 22:00:00;"8,749758684";"8";22;0,895833333333333
"92";2019-01-08 23:00:00;"15,00799416";"8";23;0,9375
"93";2019-01-09 01:00:00;"11,2412819";"9";1;0,0208333333333333
"94";2019-01-09 02:00:00;"11,14319043";"9";2;0,0625
"95";2019-01-09 03:00:00;"10,82929774";"9";3;0,104166666666667
"96";2019-01-09 04:00:00;"19,24554545";"9";4;0,145833333333333
"97";2019-01-09 05:00:00;"18,28424909";"9";5;0,1875
"98";2019-01-09 06:00:00;"9,711055042";"9";6;0,229166666666667
"99";2019-01-09 07:00:00;"6,199380592";"9";7;0,270833333333333
"100";2019-01-09 08:00:00;"7,101822071";"9";8;0,3125
"101";2019-01-09 09:00:00;"9,57372699";"9";9;0,354166666666667
"102";2019-01-09 10:00:00;"12,9088368";"9";10;0,395833333333333
"103";2019-01-09 11:00:00;"18,38234055";"9";11;0,4375
"104";2019-01-09 12:00:00;"30,78110174";"9";12;0,479166666666667
"105";2019-01-09 13:00:00;"38,13796162";"9";13;0,520833333333333
"106";2019-01-09 14:00:00;"39,90360799";"9";14;0,5625
"107";2019-01-09 15:00:00;"52,53778869";"9";15;0,604166666666667
"108";2019-01-09 16:00:00;"45,73024101";"9";16;0,645833333333333
"109";2019-01-09 17:00:00;"25,48416262";"9";17;0,6875
"110";2019-01-09 18:00:00;"15,7142527";"9";18;0,729166666666667
"111";2019-01-09 19:00:00;"12,71265387";"9";19;0,770833333333333
"112";2019-01-09 20:00:00;"8,082736721";"9";20;0,8125
"113";2019-01-09 21:00:00;"7,670752568";"9";21;0,854166666666667
"114";2019-01-09 22:00:00;"7,533424517";"9";22;0,895833333333333
"115";2019-01-09 23:00:00;"7,298005001";"9";23;0,9375
"116";2019-02-05 01:00:00;"5,296939114";"5";24;0,979166666666667
"117";2019-02-05 02:00:00;"5,787396439";"5";25;1,02083333333333
"118";2019-02-05 03:00:00;"5,022283011";"5";26;1,0625
"119";2019-02-05 04:00:00;"5,669686681";"5";27;1,10416666666667
"120";2019-02-05 05:00:00;"5,865869611";"5";28;1,14583333333333
"121";2019-02-05 06:00:00;"6,022815955";"5";29;1,1875
"122";2019-02-05 07:00:00;"5,767778146";"5";30;1,22916666666667
"123";2019-02-05 08:00:00;"5,865869611";"5";31;1,27083333333333
"124";2019-02-05 09:00:00;"8,023881842";"5";32;1,3125
"125";2019-02-05 10:00:00;"16,53822101";"5";33;1,35416666666667
"126";2019-02-05 11:00:00;"38,80498358";"5";34;1,39583333333333
"127";2019-02-05 12:00:00;"69,23295604";"5";35;1,4375
"128";2019-02-05 13:00:00;"71,97951707";"5";36;1,47916666666667
"129";2019-02-05 14:00:00;"67,6831109";"5";37;1,52083333333333
"130";2019-02-05 15:00:00;"71,84218901";"5";38;1,5625
"131";2019-02-05 16:00:00;"101,1715371";"5";39;1,60416666666667
"132";2019-02-05 17:00:00;"119,3184581";"5";40;1,64583333333333
"133";2019-02-05 18:00:00;"79,98378061";"5";41;1,6875
"134";2019-02-05 19:00:00;"34,21430301";"5";42;1,72916666666667
"135";2019-02-05 20:00:00;"19,3632552";"5";43;1,77083333333333
"136";2019-02-05 21:00:00;"9,259834302";"5";44;1,8125
"137";2019-02-05 22:00:00;"6,70945621";"5";45;1,85416666666667
"138";2019-02-05 23:00:00;"6,51327328";"5";46;1,89583333333333
"139";2019-02-06 01:00:00;"6,022815955";"6";24;0,979166666666667
"140";2019-02-06 02:00:00;"6,179762299";"6";25;1,02083333333333
"141";2019-02-06 03:00:00;"5,905106197";"6";26;1,0625
"142";2019-02-06 04:00:00;"6,670219624";"6";27;1,10416666666667
"143";2019-02-06 05:00:00;"5,92472449";"6";28;1,14583333333333
"144";2019-02-06 06:00:00;"6,140525713";"6";29;1,1875
"145";2019-02-06 07:00:00;"6,258235471";"6";30;1,22916666666667
"146";2019-02-06 08:00:00;"6,258235471";"6";31;1,27083333333333
"147";2019-02-06 09:00:00;"7,474569638";"6";32;1,3125
"148";2019-02-06 10:00:00;"13,59547706";"6";33;1,35416666666667
"149";2019-02-06 11:00:00;"42,94444341";"6";34;1,39583333333333
"150";2019-02-06 12:00:00;"58,77640587";"6";35;1,4375
"151";2019-02-06 13:00:00;"65,93708282";"6";36;1,47916666666667
"152";2019-02-06 14:00:00;"73,90210978";"6";37;1,52083333333333
"153";2019-02-06 15:00:00;"75,96203055";"6";38;1,5625
"154";2019-02-06 16:00:00;"74,27485735";"6";39;1,60416666666667
"155";2019-02-06 17:00:00;"67,31036333";"6";40;1,64583333333333
"156";2019-02-06 18:00:00;"45,31825686";"6";41;1,6875
"157";2019-02-06 19:00:00;"24,93485042";"6";42;1,72916666666667
"158";2019-02-06 20:00:00;"21,54088573";"6";43;1,77083333333333
"159";2019-02-06 21:00:00;"21,9136333";"6";44;1,8125
"160";2019-02-06 22:00:00;"16,40089296";"6";45;1,85416666666667
"161";2019-02-06 23:00:00;"11,41784653";"6";46;1,89583333333333
"162";2019-02-07 01:00:00;"16,20471003";"7";24;0,979166666666667
"163";2019-02-07 02:00:00;"12,10448679";"7";25;1,02083333333333
"164";2019-02-07 03:00:00;"11,30013678";"7";26;1,0625
"165";2019-02-07 04:00:00;"10,04456602";"7";27;1,10416666666667
"166";2019-02-07 05:00:00;"9,534490404";"7";28;1,14583333333333
"167";2019-02-07 06:00:00;"7,533424517";"7";29;1,1875
"168";2019-02-07 07:00:00;"6,474036694";"7";30;1,22916666666667
"169";2019-02-07 08:00:00;"9,318689181";"7";31;1,27083333333333
"170";2019-02-07 09:00:00;"16,32241979";"7";32;1,3125
"171";2019-02-07 10:00:00;"22,42370891";"7";33;1,35416666666667
"172";2019-02-07 11:00:00;"36,11727744";"7";34;1,39583333333333
"173";2019-02-07 12:00:00;"63,58288766";"7";35;1,4375
"174";2019-02-07 13:00:00;"85,94774169";"7";36;1,47916666666667
"175";2019-02-07 14:00:00;"94,36398939";"7";37;1,52083333333333
"176";2019-02-07 15:00:00;"97,89528214";"7";38;1,5625
"177";2019-02-07 16:00:00;"64,91693158";"7";39;1,60416666666667
"178";2019-02-07 17:00:00;"30,38873588";"7";40;1,64583333333333
"179";2019-02-07 18:00:00;"21,93325159";"7";41;1,6875
"180";2019-02-07 19:00:00;"20,7757723";"7";42;1,72916666666667
"181";2019-02-07 20:00:00;"19,30440032";"7";43;1,77083333333333
"182";2019-02-07 21:00:00;"12,00639532";"7";44;1,8125
"183";2019-02-07 22:00:00;"9,200979423";"7";45;1,85416666666667
"184";2019-02-07 23:00:00;"12,28105143";"7";46;1,89583333333333
"185";2019-02-08 01:00:00;"8,161209893";"8";24;0,979166666666667
"186";2019-02-08 02:00:00;"11,2412819";"8";25;1,02083333333333
"187";2019-02-08 03:00:00;"10,86853433";"8";26;1,0625
"188";2019-02-08 04:00:00;"12,88921851";"8";27;1,10416666666667
"189";2019-02-08 05:00:00;"13,37967583";"8";28;1,14583333333333
"190";2019-02-08 06:00:00;"7,808080619";"8";29;1,1875
"191";2019-02-08 07:00:00;"6,532891573";"8";30;1,22916666666667
"192";2019-02-08 08:00:00;"12,6341807";"8";31;1,27083333333333
"193";2019-02-08 09:00:00;"17,28371614";"8";32;1,3125
"194";2019-02-08 10:00:00;"24,91523213";"8";33;1,35416666666667
"195";2019-02-08 11:00:00;"27,13209924";"8";34;1,39583333333333
"196";2019-02-08 12:00:00;"34,547814";"8";35;1,4375
"197";2019-02-08 13:00:00;"49,83046425";"8";36;1,47916666666667
"198";2019-02-08 14:00:00;"85,59461242";"8";37;1,52083333333333
"199";2019-02-08 15:00:00;"104,7616847";"8";38;1,5625
"200";2019-02-08 16:00:00;"98,15031994";"8";39;1,60416666666667
"201";2019-02-08 17:00:00;"110,6275543";"8";40;1,64583333333333
"202";2019-02-08 18:00:00;"38,23605308";"8";41;1,6875
"203";2019-02-08 19:00:00;"17,14638809";"8";42;1,72916666666667
"204";2019-02-08 20:00:00;"7,611897689";"8";43;1,77083333333333
"205";2019-02-08 21:00:00;"8,651667219";"8";44;1,8125
"206";2019-02-08 22:00:00;"7,278386708";"8";45;1,85416666666667
"207";2019-02-08 23:00:00;"6,670219624";"8";46;1,89583333333333
"208";2019-02-09 01:00:00;"16,91096858";"9";24;0,979166666666667
"209";2019-02-09 02:00:00;"15,733871";"9";25;1,02083333333333
"210";2019-02-09 03:00:00;"10,55464164";"9";26;1,0625
"211";2019-02-09 04:00:00;"6,70945621";"9";27;1,10416666666667
"212";2019-02-09 05:00:00;"5,748159853";"9";28;1,14583333333333
"213";2019-02-09 06:00:00;"5,905106197";"9";29;1,1875
"214";2019-02-09 07:00:00;"6,277853764";"9";30;1,22916666666667
"215";2019-02-09 08:00:00;"7,062585485";"9";31;1,27083333333333
"216";2019-02-09 09:00:00;"10,33884042";"9";32;1,3125
"217";2019-02-09 10:00:00;"14,20364414";"9";33;1,35416666666667
"218";2019-02-09 11:00:00;"32,5663664";"9";34;1,39583333333333
"219";2019-02-09 12:00:00;"47,79016178";"9";35;1,4375
"220";2019-02-09 13:00:00;"70,88089266";"9";36;1,47916666666667
"221";2019-02-09 14:00:00;"86,18316121";"9";37;1,52083333333333
"222";2019-02-09 15:00:00;"75,88355737";"9";38;1,5625
"223";2019-02-09 16:00:00;"60,50281565";"9";39;1,60416666666667
"224";2019-02-09 17:00:00;"45,31825686";"9";40;1,64583333333333
"225";2019-02-09 18:00:00;"32,64483957";"9";41;1,6875
"226";2019-02-09 19:00:00;"23,65966137";"9";42;1,72916666666667
"227";2019-02-09 20:00:00;"13,10501973";"9";43;1,77083333333333
"228";2019-02-09 21:00:00;"11,18242702";"9";44;1,8125
"229";2019-02-09 22:00:00;"11,04509897";"9";45;1,85416666666667
"230";2019-02-09 23:00:00;"11,73173922";"9";46;1,89583333333333
"231";2019-03-05 01:00:00;"15,32188684";"5";47;1,9375
"232";2019-03-05 02:00:00;"17,71531859";"5";48;1,97916666666667
"233";2019-03-05 03:00:00;"17,06791492";"5";49;2,02083333333333
"234";2019-03-05 04:00:00;"12,88921851";"5";50;2,0625
"235";2019-03-05 05:00:00;"12,30066972";"5";51;2,10416666666667
"236";2019-03-05 06:00:00;"12,43799777";"5";52;2,14583333333333
"237";2019-03-05 07:00:00;"11,10395385";"5";53;2,1875
"238";2019-03-05 08:00:00;"12,6341807";"5";54;2,22916666666667
"239";2019-03-05 09:00:00;"13,96822463";"5";55;2,27083333333333
"240";2019-03-05 10:00:00;"24,26782846";"5";56;2,3125
"241";2019-03-05 11:00:00;"45,67138613";"5";57;2,35416666666667
"242";2019-03-05 12:00:00;"53,83259603";"5";58;2,39583333333333
"243";2019-03-05 13:00:00;"67,50654626";"5";59;2,4375
"244";2019-03-05 14:00:00;"83,69163799";"5";60;2,47916666666667
"245";2019-03-05 15:00:00;"72,84272196";"5";61;2,52083333333333
"246";2019-03-05 16:00:00;"90,18529298";"5";62;2,5625
"247";2019-03-05 17:00:00;"71,17516705";"5";63;2,60416666666667
"248";2019-03-05 18:00:00;"34,62628717";"5";64;2,64583333333333
"249";2019-03-05 19:00:00;"23,8754626";"5";65;2,6875
"250";2019-03-05 20:00:00;"11,2412819";"5";66;2,72916666666667
"251";2019-03-05 21:00:00;"10,378077";"5";67;2,77083333333333
"252";2019-03-05 22:00:00;"9,357925767";"5";68;2,8125
"253";2019-03-05 23:00:00;"11,55517458";"5";69;2,85416666666667
"254";2019-03-06 01:00:00;"12,45761606";"6";47;1,9375
"255";2019-03-06 02:00:00;"15,96929051";"6";48;1,97916666666667
"256";2019-03-06 03:00:00;"13,85051487";"6";49;2,02083333333333
"257";2019-03-06 04:00:00;"11,75135751";"6";50;2,0625
"258";2019-03-06 05:00:00;"7,513806224";"6";51;2,10416666666667
"259";2019-03-06 06:00:00;"7,435333052";"6";52;2,14583333333333
"260";2019-03-06 07:00:00;"7,709989154";"6";53;2,1875
"261";2019-03-06 08:00:00;"9,711055042";"6";54;2,22916666666667
"262";2019-03-06 09:00:00;"23,64004308";"6";55;2,27083333333333
"263";2019-03-06 10:00:00;"42,35589462";"6";56;2,3125
"264";2019-03-06 11:00:00;"66,03517428";"6";57;2,35416666666667
"265";2019-03-06 12:00:00;"89,87140029";"6";58;2,39583333333333
"266";2019-03-06 13:00:00;"84,67255264";"6";59;2,4375
"267";2019-03-06 14:00:00;"89,36132467";"6";60;2,47916666666667
"268";2019-03-06 15:00:00;"121,1821959";"6";61;2,52083333333333
"269";2019-03-06 16:00:00;"112,7070934";"6";62;2,5625
"270";2019-03-06 17:00:00;"65,7016633";"6";63;2,60416666666667
"271";2019-03-06 18:00:00;"51,71382038";"6";64;2,64583333333333
"272";2019-03-06 19:00:00;"32,35056518";"6";65;2,6875
"273";2019-03-06 20:00:00;"11,96715874";"6";66;2,72916666666667
"274";2019-03-06 21:00:00;"11,59441117";"6";67;2,77083333333333
"275";2019-03-06 22:00:00;"12,84998192";"6";68;2,8125
"276";2019-03-06 23:00:00;"10,41731359";"6";69;2,85416666666667
"277";2019-03-07 01:00:00;"11,16280872";"7";47;1,9375
"278";2019-03-07 02:00:00;"12,59494411";"7";48;1,97916666666667
"279";2019-03-07 03:00:00;"13,88975145";"7";49;2,02083333333333
"280";2019-03-07 04:00:00;"14,59601";"7";50;2,0625
"281";2019-03-07 05:00:00;"7,74922574";"7";51;2,10416666666667
"282";2019-03-07 06:00:00;"7,396096466";"7";52;2,14583333333333
"283";2019-03-07 07:00:00;"7,415714759";"7";53;2,1875
"284";2019-03-07 08:00:00;"8,671285512";"7";54;2,22916666666667
"285";2019-03-07 09:00:00;"13,92898804";"7";55;2,27083333333333
"286";2019-03-07 10:00:00;"28,09339559";"7";56;2,3125
"287";2019-03-07 11:00:00;"50,55634109";"7";57;2,35416666666667
"288";2019-03-07 12:00:00;"63,50441448";"7";58;2,39583333333333
"289";2019-03-07 13:00:00;"72,1560817";"7";59;2,4375
"290";2019-03-07 14:00:00;"92,02941252";"7";60;2,47916666666667
"291";2019-03-07 15:00:00;"118,7299093";"7";61;2,52083333333333
"292";2019-03-07 16:00:00;"109,5093116";"7";62;2,5625
"293";2019-03-07 17:00:00;"71,56753291";"7";63;2,60416666666667
"294";2019-03-07 18:00:00;"35,07750791";"7";64;2,64583333333333
"295";2019-03-07 19:00:00;"12,26143313";"7";65;2,6875
"296";2019-03-07 20:00:00;"11,39822824";"7";66;2,72916666666667
"297";2019-03-07 21:00:00;"9,691436748";"7";67;2,77083333333333
"298";2019-03-07 22:00:00;"13,67395023";"7";68;2,8125
"299";2019-03-07 23:00:00;"21,63897719";"7";69;2,85416666666667
"300";2019-03-08 01:00:00;"18,08806616";"8";47;1,9375
"301";2019-03-08 02:00:00;"19,32401862";"8";48;1,97916666666667
"302";2019-03-08 03:00:00;"15,08646733";"8";49;2,02083333333333
"303";2019-03-08 04:00:00;"11,69250264";"8";50;2,0625
"304";2019-03-08 05:00:00;"9,966092851";"8";51;2,10416666666667
"305";2019-03-08 06:00:00;"8,200446479";"8";52;2,14583333333333
"306";2019-03-08 07:00:00;"7,298005001";"8";53;2,1875
"307";2019-03-08 08:00:00;"8,494720875";"8";54;2,22916666666667
"308";2019-03-08 09:00:00;"12,84998192";"8";55;2,27083333333333
"309";2019-03-08 10:00:00;"27,99530413";"8";56;2,3125
"310";2019-03-08 11:00:00;"46,10298858";"8";57;2,35416666666667
"311";2019-03-08 12:00:00;"60,44396077";"8";58;2,39583333333333
"312";2019-03-08 13:00:00;"68,60517067";"8";59;2,4375
"313";2019-03-08 14:00:00;"86,71285512";"8";60;2,47916666666667
"314";2019-03-08 15:00:00;"86,88941976";"8";61;2,52083333333333
"315";2019-03-08 16:00:00;"ND";"8";62;2,5625
"316";2019-03-08 17:00:00;"ND";"8";63;2,60416666666667
"317";2019-03-08 18:00:00;"ND";"8";64;2,64583333333333
"318";2019-03-08 19:00:00;"ND";"8";65;2,6875
"319";2019-03-08 20:00:00;"ND";"8";66;2,72916666666667
"320";2019-03-08 21:00:00;"ND";"8";67;2,77083333333333
"321";2019-03-08 22:00:00;"ND";"8";68;2,8125
"322";2019-03-08 23:00:00;"ND";"8";69;2,85416666666667
"323";2019-03-09 01:00:00;"ND";"9";47;1,9375
"324";2019-03-09 02:00:00;"ND";"9";48;1,97916666666667
"325";2019-03-09 03:00:00;"ND";"9";49;2,02083333333333
"326";2019-03-09 04:00:00;"ND";"9";50;2,0625
"327";2019-03-09 05:00:00;"ND";"9";51;2,10416666666667
"328";2019-03-09 06:00:00;"ND";"9";52;2,14583333333333
"329";2019-03-09 07:00:00;"ND";"9";53;2,1875
"330";2019-03-09 08:00:00;"ND";"9";54;2,22916666666667
"331";2019-03-09 09:00:00;"ND";"9";55;2,27083333333333
"332";2019-03-09 10:00:00;"37,64750429";"9";56;2,3125
"333";2019-03-09 11:00:00;"55,77480704";"9";57;2,35416666666667
"334";2019-03-09 12:00:00;"78,19851595";"9";58;2,39583333333333
"335";2019-03-09 13:00:00;"95,20757599";"9";59;2,4375
"336";2019-03-09 14:00:00;"102,0543603";"9";60;2,47916666666667
"337";2019-03-09 15:00:00;"98,32688458";"9";61;2,52083333333333
"338";2019-03-09 16:00:00;"103,2510761";"9";62;2,5625
"339";2019-03-09 17:00:00;"100,9164993";"9";63;2,60416666666667
"340";2019-03-09 18:00:00;"65,11311451";"9";64;2,64583333333333
"341";2019-03-09 19:00:00;"46,00489712";"9";65;2,6875
"342";2019-03-09 20:00:00;"37,21590185";"9";66;2,72916666666667
"343";2019-03-09 21:00:00;"16,47936613";"9";67;2,77083333333333
"344";2019-03-09 22:00:00;"10,84891604";"9";68;2,8125
"345";2019-03-09 23:00:00;"13,00692827";"9";69;2,85416666666667
"346";2019-04-05 01:00:00;"14,53715512";"5";70;2,89583333333333
"347";2019-04-05 02:00:00;"15,47883319";"5";71;2,9375
"348";2019-04-05 03:00:00;"12,04563191";"5";72;2,97916666666667
"349";2019-04-05 04:00:00;"10,98624409";"5";73;3,02083333333333
"350";2019-04-05 05:00:00;"8,671285512";"5";74;3,0625
"351";2019-04-05 06:00:00;"7,886553791";"5";75;3,10416666666667
"352";2019-04-05 07:00:00;"7,55304281";"5";76;3,14583333333333
"353";2019-04-05 08:00:00;"7,788462326";"5";77;3,1875
"354";2019-04-05 09:00:00;"10,75082457";"5";78;3,22916666666667
"355";2019-04-05 10:00:00;"19,14745398";"5";79;3,27083333333333
"356";2019-04-05 11:00:00;"36,03880427";"5";80;3,3125
"357";2019-04-05 12:00:00;"43,67032025";"5";81;3,35416666666667
"358";2019-04-05 13:00:00;"47,35855933";"5";82;3,39583333333333
"359";2019-04-05 14:00:00;"76,27592324";"5";83;3,4375
"360";2019-04-05 15:00:00;"88,51773808";"5";84;3,47916666666667
"361";2019-04-05 16:00:00;"50,18359353";"5";85;3,52083333333333
"362";2019-04-05 17:00:00;"38,43223601";"5";86;3,5625
"363";2019-04-05 18:00:00;"20,81500889";"5";87;3,60416666666667
"364";2019-04-05 19:00:00;"12,71265387";"5";88;3,64583333333333
"365";2019-04-05 20:00:00;"17,08753321";"5";89;3,6875
"366";2019-04-05 21:00:00;"15,63577953";"5";90;3,72916666666667
"367";2019-04-05 22:00:00;"13,83089657";"5";91;3,77083333333333
"368";2019-04-05 23:00:00;"11,96715874";"5";92;3,8125
"369";2019-04-06 01:00:00;"12,71265387";"6";70;2,89583333333333
"370";2019-04-06 02:00:00;"14,38020878";"6";71;2,9375
"371";2019-04-06 03:00:00;"13,57585877";"6";72;2,97916666666667
"372";2019-04-06 04:00:00;"11,75135751";"6";73;3,02083333333333
"373";2019-04-06 05:00:00;"9,416780646";"6";74;3,0625
"374";2019-04-06 06:00:00;"7,670752568";"6";75;3,10416666666667
"375";2019-04-06 07:00:00;"7,866935498";"6";76;3,14583333333333
"376";2019-04-06 08:00:00;"7,513806224";"6";77;3,1875
"377";2019-04-06 09:00:00;"11,02548067";"6";78;3,22916666666667
"378";2019-04-06 10:00:00;"17,98997469";"6";79;3,27083333333333
"379";2019-04-06 11:00:00;"26,73973338";"6";80;3,3125
"380";2019-04-06 12:00:00;"38,29490796";"6";81;3,35416666666667
"381";2019-04-06 13:00:00;"49,4184801";"6";82;3,39583333333333
"382";2019-04-06 14:00:00;"53,65603139";"6";83;3,4375
"383";2019-04-06 15:00:00;"55,75518874";"6";84;3,47916666666667
"384";2019-04-06 16:00:00;"54,55847287";"6";85;3,52083333333333
"385";2019-04-06 17:00:00;"53,71488627";"6";86;3,5625
"386";2019-04-06 18:00:00;"58,24671196";"6";87;3,60416666666667
"387";2019-04-06 19:00:00;"26,34736752";"6";88;3,64583333333333
"388";2019-04-06 20:00:00;"9,671818455";"6";89;3,6875
"389";2019-04-06 21:00:00;"8,455484289";"6";90;3,72916666666667
"390";2019-04-06 22:00:00;"8,416247703";"6";91;3,77083333333333
"391";2019-04-06 23:00:00;"7,886553791";"6";92;3,8125
"392";2019-04-07 01:00:00;"7,74922574";"7";70;2,89583333333333
"393";2019-04-07 02:00:00;"8,043500135";"7";71;2,9375
"394";2019-04-07 03:00:00;"7,768844033";"7";72;2,97916666666667
"395";2019-04-07 04:00:00;"7,317623294";"7";73;3,02083333333333
"396";2019-04-07 05:00:00;"7,94540867";"7";74;3,0625
"397";2019-04-07 06:00:00;"7,886553791";"7";75;3,10416666666667
"398";2019-04-07 07:00:00;"7,690370861";"7";76;3,14583333333333
"399";2019-04-07 08:00:00;"8,180828186";"7";77;3,1875
"400";2019-04-07 09:00:00;"13,88975145";"7";78;3,22916666666667
"401";2019-04-07 10:00:00;"27,99530413";"7";79;3,27083333333333
"402";2019-04-07 11:00:00;"49,06535083";"7";80;3,3125
"403";2019-04-07 12:00:00;"54,4603814";"7";81;3,35416666666667
"404";2019-04-07 13:00:00;"56,50068388";"7";82;3,39583333333333
"405";2019-04-07 14:00:00;"53,83259603";"7";83;3,4375
"406";2019-04-07 15:00:00;"51,18412647";"7";84;3,47916666666667
"407";2019-04-07 16:00:00;"52,38084235";"7";85;3,52083333333333
"408";2019-04-07 17:00:00;"47,7313069";"7";86;3,5625
"409";2019-04-07 18:00:00;"28,72118097";"7";87;3,60416666666667
"410";2019-04-07 19:00:00;"16,59707589";"7";88;3,64583333333333
"411";2019-04-07 20:00:00;"8,612430633";"7";89;3,6875
"412";2019-04-07 21:00:00;"8,200446479";"7";90;3,72916666666667
"413";2019-04-07 22:00:00;"7,768844033";"7";91;3,77083333333333
"414";2019-04-07 23:00:00;"8,573194047";"7";92;3,8125
"415";2019-04-08 01:00:00;"7,827698912";"8";70;2,89583333333333
"416";2019-04-08 02:00:00;"8,023881842";"8";71;2,9375
"417";2019-04-08 03:00:00;"7,729607447";"8";72;2,97916666666667
"418";2019-04-08 04:00:00;"7,35685988";"8";73;3,02083333333333
"419";2019-04-08 05:00:00;"7,513806224";"8";74;3,0625
"420";2019-04-08 06:00:00;"7,965026963";"8";75;3,10416666666667
"421";2019-04-08 07:00:00;"7,474569638";"8";76;3,14583333333333
"422";2019-04-08 08:00:00;"7,808080619";"8";77;3,1875
"423";2019-04-08 09:00:00;"10,51540506";"8";78;3,22916666666667
"424";2019-04-08 10:00:00;"22,48256379";"8";79;3,27083333333333
"425";2019-04-08 11:00:00;"ND";"8";80;3,3125
"426";2019-04-08 12:00:00;"ND";"8";81;3,35416666666667
"427";2019-04-08 13:00:00;"ND";"8";82;3,39583333333333
"428";2019-04-08 14:00:00;"ND";"8";83;3,4375
"429";2019-04-08 15:00:00;"ND";"8";84;3,47916666666667
"430";2019-04-08 16:00:00;"ND";"8";85;3,52083333333333
"431";2019-04-08 17:00:00;"ND";"8";86;3,5625
"432";2019-04-08 18:00:00;"ND";"8";87;3,60416666666667
"433";2019-04-08 19:00:00;"ND";"8";88;3,64583333333333
"434";2019-04-08 20:00:00;"ND";"8";89;3,6875
"435";2019-04-08 21:00:00;"ND";"8";90;3,72916666666667
"436";2019-04-08 22:00:00;"ND";"8";91;3,77083333333333
"437";2019-04-08 23:00:00;"ND";"8";92;3,8125
"438";2019-04-09 01:00:00;"ND";"9";70;2,89583333333333
"439";2019-04-09 02:00:00;"ND";"9";71;2,9375
"440";2019-04-09 03:00:00;"ND";"9";72;2,97916666666667
"441";2019-04-09 04:00:00;"ND";"9";73;3,02083333333333
"442";2019-04-09 05:00:00;"ND";"9";74;3,0625
"443";2019-04-09 06:00:00;"ND";"9";75;3,10416666666667
"444";2019-04-09 07:00:00;"ND";"9";76;3,14583333333333
"445";2019-04-09 08:00:00;"ND";"9";77;3,1875
"446";2019-04-09 09:00:00;"ND";"9";78;3,22916666666667
"447";2019-04-09 10:00:00;"ND";"9";79;3,27083333333333
"448";2019-04-09 11:00:00;"ND";"9";80;3,3125
"449";2019-04-09 12:00:00;"ND";"9";81;3,35416666666667
"450";2019-04-09 13:00:00;"ND";"9";82;3,39583333333333
"451";2019-04-09 14:00:00;"ND";"9";83;3,4375
"452";2019-04-09 15:00:00;"ND";"9";84;3,47916666666667
"453";2019-04-09 16:00:00;"ND";"9";85;3,52083333333333
"454";2019-04-09 17:00:00;"ND";"9";86;3,5625
"455";2019-04-09 18:00:00;"ND";"9";87;3,60416666666667
"456";2019-04-09 19:00:00;"ND";"9";88;3,64583333333333
"457";2019-04-09 20:00:00;"ND";"9";89;3,6875
"458";2019-04-09 21:00:00;"ND";"9";90;3,72916666666667
"459";2019-04-09 22:00:00;"ND";"9";91;3,77083333333333
"460";2019-04-09 23:00:00;"ND";"9";92;3,8125
"461";2019-05-05 01:00:00;"10,18189407";"5";93;3,85416666666667
"462";2019-05-05 02:00:00;"10,96662579";"5";94;3,89583333333333
"463";2019-05-05 03:00:00;"10,02494773";"5";95;3,9375
"464";2019-05-05 04:00:00;"9,691436748";"5";96;3,97916666666667
"465";2019-05-05 05:00:00;"10,1034209";"5";97;4,02083333333333
"466";2019-05-05 06:00:00;"8,945941614";"5";98;4,0625
"467";2019-05-05 07:00:00;"8,828231856";"5";99;4,10416666666667
"468";2019-05-05 08:00:00;"9,554108697";"5";100;4,14583333333333
"469";2019-05-05 09:00:00;"11,41784653";"5";101;4,1875
"470";2019-05-05 10:00:00;"22,77683819";"5";102;4,22916666666667
"471";2019-05-05 11:00:00;"50,37977646";"5";103;4,27083333333333
"472";2019-05-05 12:00:00;"59,63961076";"5";104;4,3125
"473";2019-05-05 13:00:00;"66,32944868";"5";105;4,35416666666667
"474";2019-05-05 14:00:00;"85,96735998";"5";106;4,39583333333333
"475";2019-05-05 15:00:00;"90,02834664";"5";107;4,4375
"476";2019-05-05 16:00:00;"80,33690989";"5";108;4,47916666666667
"477";2019-05-05 17:00:00;"76,23668665";"5";109;4,52083333333333
"478";2019-05-05 18:00:00;"51,89038502";"5";110;4,5625
"479";2019-05-05 19:00:00;"30,85957491";"5";111;4,60416666666667
"480";2019-05-05 20:00:00;"18,28424909";"5";112;4,64583333333333
"481";2019-05-05 21:00:00;"9,750291628";"5";113;4,6875
"482";2019-05-05 22:00:00;"9,397162353";"5";114;4,72916666666667
"483";2019-05-05 23:00:00;"9,436398939";"5";115;4,77083333333333
"484";2019-05-06 01:00:00;"9,495253818";"6";93;3,85416666666667
"485";2019-05-06 02:00:00;"10,12303919";"6";94;3,89583333333333
"486";2019-05-06 03:00:00;"9,632581869";"6";95;3,9375
"487";2019-05-06 04:00:00;"10,1034209";"6";96;3,97916666666667
"488";2019-05-06 05:00:00;"8,632048926";"6";97;4,02083333333333
"489";2019-05-06 06:00:00;"8,710522098";"6";98;4,0625
"490";2019-05-06 07:00:00;"8,180828186";"6";99;4,10416666666667
"491";2019-05-06 08:00:00;"8,671285512";"6";100;4,14583333333333
"492";2019-05-06 09:00:00;"10,18189407";"6";101;4,1875
"493";2019-05-06 10:00:00;"35,27369084";"6";102;4,22916666666667
"494";2019-05-06 11:00:00;"40,19788238";"6";103;4,27083333333333
"495";2019-05-06 12:00:00;"43,5133739";"6";104;4,3125
"496";2019-05-06 13:00:00;"56,441829";"6";105;4,35416666666667
"497";2019-05-06 14:00:00;"57,8543461";"6";106;4,39583333333333
"498";2019-05-06 15:00:00;"54,4603814";"6";107;4,4375
"499";2019-05-06 16:00:00;"61,01289127";"6";108;4,47916666666667
"500";2019-05-06 17:00:00;"ND";"6";109;4,52083333333333
"501";2019-05-06 18:00:00;"32,68407616";"6";110;4,5625
"502";2019-05-06 19:00:00;"11,98677703";"6";111;4,60416666666667
"503";2019-05-06 20:00:00;"9,730673335";"6";112;4,64583333333333
"504";2019-05-06 21:00:00;"9,789528214";"6";113;4,6875
"505";2019-05-06 22:00:00;"9,220597716";"6";114;4,72916666666667
"506";2019-05-06 23:00:00;"9,240216009";"6";115;4,77083333333333
"507";2019-05-07 01:00:00;"10,57425993";"7";93;3,85416666666667
"508";2019-05-07 02:00:00;"9,730673335";"7";94;3,89583333333333
"509";2019-05-07 03:00:00;"9,907237972";"7";95;3,9375
"510";2019-05-07 04:00:00;"9,024414786";"7";96;3,97916666666667
"511";2019-05-07 05:00:00;"8,887086735";"7";97;4,02083333333333
"512";2019-05-07 06:00:00;"8,710522098";"7";98;4,0625
"513";2019-05-07 07:00:00;"8,59281234";"7";99;4,10416666666667
"514";2019-05-07 08:00:00;"8,808613563";"7";100;4,14583333333333
"515";2019-05-07 09:00:00;"28,83889073";"7";101;4,1875
"516";2019-05-07 10:00:00;"18,08806616";"7";102;4,22916666666667
"517";2019-05-07 11:00:00;"32,35056518";"7";103;4,27083333333333
"518";2019-05-07 12:00:00;"39,51124213";"7";104;4,3125
"519";2019-05-07 13:00:00;"46,16184346";"7";105;4,35416666666667
"520";2019-05-07 14:00:00;"62,93548399";"7";106;4,39583333333333
"521";2019-05-07 15:00:00;"58,50174977";"7";107;4,4375
"522";2019-05-07 16:00:00;"36,64697135";"7";108;4,47916666666667
"523";2019-05-07 17:00:00;"38,66765553";"7";109;4,52083333333333
"524";2019-05-07 18:00:00;"19,57905643";"7";110;4,5625
"525";2019-05-07 19:00:00;"10,82929774";"7";111;4,60416666666667
"526";2019-05-07 20:00:00;"9,456017232";"7";112;4,64583333333333
"527";2019-05-07 21:00:00;"9,475635525";"7";113;4,6875
"528";2019-05-07 22:00:00;"9,200979423";"7";114;4,72916666666667
"529";2019-05-07 23:00:00;"8,749758684";"7";115;4,77083333333333
"530";2019-05-08 01:00:00;"8,887086735";"8";93;3,85416666666667
"531";2019-05-08 02:00:00;"8,200446479";"8";94;3,89583333333333
"532";2019-05-08 03:00:00;"8,357392824";"8";95;3,9375
"533";2019-05-08 04:00:00;"8,318156238";"8";96;3,97916666666667
"534";2019-05-08 05:00:00;"8,39662941";"8";97;4,02083333333333
"535";2019-05-08 06:00:00;"8,337774531";"8";98;4,0625
"536";2019-05-08 07:00:00;"8,690903805";"8";99;4,10416666666667
"537";2019-05-08 08:00:00;"8,632048926";"8";100;4,14583333333333
"538";2019-05-08 09:00:00;"9,475635525";"8";101;4,1875
"539";2019-05-08 10:00:00;"13,69356852";"8";102;4,22916666666667
"540";2019-05-08 11:00:00;"27,66179315";"8";103;4,27083333333333
"541";2019-05-08 12:00:00;"32,78216762";"8";104;4,3125
"542";2019-05-08 13:00:00;"42,43436779";"8";105;4,35416666666667
"543";2019-05-08 14:00:00;"38,54994577";"8";106;4,39583333333333
"544";2019-05-08 15:00:00;"49,35962522";"8";107;4,4375
"545";2019-05-08 16:00:00;"41,19841533";"8";108;4,47916666666667
"546";2019-05-08 17:00:00;"31,1538493";"8";109;4,52083333333333
"547";2019-05-08 18:00:00;"17,57799054";"8";110;4,5625
"548";2019-05-08 19:00:00;"9,534490404";"8";111;4,60416666666667
"549";2019-05-08 20:00:00;"11,12357214";"8";112;4,64583333333333
"550";2019-05-08 21:00:00;"13,87013316";"8";113;4,6875
"551";2019-05-08 22:00:00;"13,32082096";"8";114;4,72916666666667
"552";2019-05-08 23:00:00;"15,63577953";"8";115;4,77083333333333
"553";2019-05-09 01:00:00;"12,16334167";"9";93;3,85416666666667
"554";2019-05-09 02:00:00;"11,41784653";"9";94;3,89583333333333
"555";2019-05-09 03:00:00;"10,14265749";"9";95;3,9375
"556";2019-05-09 04:00:00;"10,24074895";"9";96;3,97916666666667
"557";2019-05-09 05:00:00;"9,299070888";"9";97;4,02083333333333
"558";2019-05-09 06:00:00;"8,298537945";"9";98;4,0625
"559";2019-05-09 07:00:00;"8,612430633";"9";99;4,10416666666667
"560";2019-05-09 08:00:00;"8,710522098";"9";100;4,14583333333333
"561";2019-05-09 09:00:00;"9,122506251";"9";101;4,1875
"562";2019-05-09 10:00:00;"37,01971892";"9";102;4,22916666666667
"563";2019-05-09 11:00:00;"ND";"9";103;4,27083333333333
"564";2019-05-09 12:00:00;"ND";"9";104;4,3125
"565";2019-05-09 13:00:00;"ND";"9";105;4,35416666666667
"566";2019-05-09 14:00:00;"ND";"9";106;4,39583333333333
"567";2019-05-09 15:00:00;"16,34203808";"9";107;4,4375
"568";2019-05-09 16:00:00;"19,85371253";"9";108;4,47916666666667
"569";2019-05-09 17:00:00;"9,711055042";"9";109;4,52083333333333
"570";2019-05-09 18:00:00;"8,867468442";"9";110;4,5625
"571";2019-05-09 19:00:00;"7,690370861";"9";111;4,60416666666667
"572";2019-05-09 20:00:00;"8,121973307";"9";112;4,64583333333333
"573";2019-05-09 21:00:00;"9,18136113";"9";113;4,6875
"574";2019-05-09 22:00:00;"8,416247703";"9";114;4,72916666666667
"575";2019-05-09 23:00:00;"8,043500135";"9";115;4,77083333333333
"576";2019-06-05 01:00:00;"15,57692465";"5";116;4,8125
"577";2019-06-05 02:00:00;"11,515938";"5";117;4,85416666666667
"578";2019-06-05 03:00:00;"10,92738921";"5";118;4,89583333333333
"579";2019-06-05 04:00:00;"10,12303919";"5";119;4,9375
"580";2019-06-05 05:00:00;"7,847317205";"5";120;4,97916666666667
"581";2019-06-05 06:00:00;"7,690370861";"5";121;5,02083333333333
"582";2019-06-05 07:00:00;"7,042967192";"5";122;5,0625
"583";2019-06-05 08:00:00;"8,533957461";"5";123;5,10416666666667
"584";2019-06-05 09:00:00;"15,61616124";"5";124;5,14583333333333
"585";2019-06-05 10:00:00;"21,38393938";"5";125;5,1875
"586";2019-06-05 11:00:00;"31,7423981";"5";126;5,22916666666667
"587";2019-06-05 12:00:00;"40,92375923";"5";127;5,27083333333333
"588";2019-06-05 13:00:00;"54,63694604";"5";128;5,3125
"589";2019-06-05 14:00:00;"72,80348537";"5";129;5,35416666666667
"590";2019-06-05 15:00:00;"73,39203416";"5";130;5,39583333333333
"591";2019-06-05 16:00:00;"63,38670473";"5";131;5,4375
"592";2019-06-05 17:00:00;"36,58811647";"5";132;5,47916666666667
"593";2019-06-05 18:00:00;"22,69836502";"5";133;5,52083333333333
"594";2019-06-05 19:00:00;"9,456017232";"5";134;5,5625
"595";2019-06-05 20:00:00;"8,847850149";"5";135;5,60416666666667
"596";2019-06-05 21:00:00;"14,47830024";"5";136;5,64583333333333
"597";2019-06-05 22:00:00;"15,24341367";"5";137;5,6875
"598";2019-06-05 23:00:00;"14,14478926";"5";138;5,72916666666667
"599";2019-06-06 01:00:00;"11,18242702";"6";116;4,8125
"600";2019-06-06 02:00:00;"13,90936975";"6";117;4,85416666666667
"601";2019-06-06 03:00:00;"13,14425632";"6";118;4,89583333333333
"602";2019-06-06 04:00:00;"10,04456602";"6";119;4,9375
"603";2019-06-06 05:00:00;"7,454951345";"6";120;4,97916666666667
"604";2019-06-06 06:00:00;"7,454951345";"6";121;5,02083333333333
"605";2019-06-06 07:00:00;"7,906172084";"6";122;5,0625
"606";2019-06-06 08:00:00;"11,73173922";"6";123;5,10416666666667
"607";2019-06-06 09:00:00;"19,9321857";"6";124;5,14583333333333
"608";2019-06-06 10:00:00;"32,60560299";"6";125;5,1875
"609";2019-06-06 11:00:00;"47,77054349";"6";126;5,22916666666667
"610";2019-06-06 12:00:00;"62,52349983";"6";127;5,27083333333333
"611";2019-06-06 13:00:00;"62,24884373";"6";128;5,3125
"612";2019-06-06 14:00:00;"52,06694966";"6";129;5,35416666666667
"613";2019-06-06 15:00:00;"32,17400054";"6";130;5,39583333333333
"614";2019-06-06 16:00:00;"28,48576146";"6";131;5,4375
"615";2019-06-06 17:00:00;"25,48416262";"6";132;5,47916666666667
"616";2019-06-06 18:00:00;"13,22272949";"6";133;5,52083333333333
"617";2019-06-06 19:00:00;"10,04456602";"6";134;5,5625
"618";2019-06-06 20:00:00;"19,16707227";"6";135;5,60416666666667
"619";2019-06-06 21:00:00;"10,47616847";"6";136;5,64583333333333
"620";2019-06-06 22:00:00;"11,12357214";"6";137;5,6875
"621";2019-06-06 23:00:00;"11,16280872";"6";138;5,72916666666667
"622";2019-06-07 01:00:00;"10,33884042";"7";116;4,8125
"623";2019-06-07 02:00:00;"11,08433555";"7";117;4,85416666666667
"624";2019-06-07 03:00:00;"11,14319043";"7";118;4,89583333333333
"625";2019-06-07 04:00:00;"12,59494411";"7";119;4,9375
"626";2019-06-07 05:00:00;"10,51540506";"7";120;4,97916666666667
"627";2019-06-07 06:00:00;"8,298537945";"7";121;5,02083333333333
"628";2019-06-07 07:00:00;"7,965026963";"7";122;5,0625
"629";2019-06-07 08:00:00;"8,533957461";"7";123;5,10416666666667
"630";2019-06-07 09:00:00;"9,397162353";"7";124;5,14583333333333
"631";2019-06-07 10:00:00;"15,75348929";"7";125;5,1875
"632";2019-06-07 11:00:00;"25,44492604";"7";126;5,22916666666667
"633";2019-06-07 12:00:00;"34,27315789";"7";127;5,27083333333333
"634";2019-06-07 13:00:00;"36,58811647";"7";128;5,3125
"635";2019-06-07 14:00:00;"43,98421294";"7";129;5,35416666666667
"636";2019-06-07 15:00:00;"33,9788835";"7";130;5,39583333333333
"637";2019-06-07 16:00:00;"24,56210285";"7";131;5,4375
"638";2019-06-07 17:00:00;"25,73920043";"7";132;5,47916666666667
"639";2019-06-07 18:00:00;"11,2412819";"7";133;5,52083333333333
"640";2019-06-07 19:00:00;"9,083269665";"7";134;5,5625
"641";2019-06-07 20:00:00;"8,926323321";"7";135;5,60416666666667
"642";2019-06-07 21:00:00;"11,35899165";"7";136;5,64583333333333
"643";2019-06-07 22:00:00;"11,08433555";"7";137;5,6875
"644";2019-06-07 23:00:00;"10,73120628";"7";138;5,72916666666667
"645";2019-06-08 01:00:00;"10,57425993";"8";116;4,8125
"646";2019-06-08 02:00:00;"12,45761606";"8";117;4,85416666666667
"647";2019-06-08 03:00:00;"13,06578315";"8";118;4,89583333333333
"648";2019-06-08 04:00:00;"12,33990631";"8";119;4,9375
"649";2019-06-08 05:00:00;"10,1034209";"8";120;4,97916666666667
"650";2019-06-08 06:00:00;"8,357392824";"8";121;5,02083333333333
"651";2019-06-08 07:00:00;"8,220064773";"8";122;5,0625
"652";2019-06-08 08:00:00;"8,828231856";"8";123;5,10416666666667
"653";2019-06-08 09:00:00;"10,90777092";"8";124;5,14583333333333
"654";2019-06-08 10:00:00;"17,02867834";"8";125;5,1875
"655";2019-06-08 11:00:00;"24,4247748";"8";126;5,22916666666667
"656";2019-06-08 12:00:00;"39,11887627";"8";127;5,27083333333333
"657";2019-06-08 13:00:00;"50,18359353";"8";128;5,3125
"658";2019-06-08 14:00:00;"58,07014732";"8";129;5,35416666666667
"659";2019-06-08 15:00:00;"61,73876811";"8";130;5,39583333333333
"660";2019-06-08 16:00:00;"73,41165246";"8";131;5,4375
"661";2019-06-08 17:00:00;"71,3124951";"8";132;5,47916666666667
"662";2019-06-08 18:00:00;"47,71168861";"8";133;5,52083333333333
"663";2019-06-08 19:00:00;"19,46134667";"8";134;5,5625
"664";2019-06-08 20:00:00;"10,61349652";"8";135;5,60416666666667
"665";2019-06-08 21:00:00;"9,122506251";"8";136;5,64583333333333
"666";2019-06-08 22:00:00;"9,357925767";"8";137;5,6875
"667";2019-06-08 23:00:00;"9,711055042";"8";138;5,72916666666667
"668";2019-06-09 01:00:00;"8,318156238";"9";116;4,8125
"669";2019-06-09 02:00:00;"8,161209893";"9";117;4,85416666666667
"670";2019-06-09 03:00:00;"7,474569638";"9";118;4,89583333333333
"671";2019-06-09 04:00:00;"7,768844033";"9";119;4,9375
"672";2019-06-09 05:00:00;"7,690370861";"9";120;4,97916666666667
"673";2019-06-09 06:00:00;"7,906172084";"9";121;5,02083333333333
"674";2019-06-09 07:00:00;"7,788462326";"9";122;5,0625
"675";2019-06-09 08:00:00;"10,18189407";"9";123;5,10416666666667
"676";2019-06-09 09:00:00;"20,63844425";"9";124;5,14583333333333
"677";2019-06-09 10:00:00;"36,62735306";"9";125;5,1875
"678";2019-06-09 11:00:00;"50,57595939";"9";126;5,22916666666667
"679";2019-06-09 12:00:00;"63,739834";"9";127;5,27083333333333
"680";2019-06-09 13:00:00;"67,91853041";"9";128;5,3125
"681";2019-06-09 14:00:00;"63,1905218";"9";129;5,35416666666667
"682";2019-06-09 15:00:00;"64,36761938";"9";130;5,39583333333333
"683";2019-06-09 16:00:00;"60,42434248";"9";131;5,4375
"684";2019-06-09 17:00:00;"42,57169584";"9";132;5,47916666666667
"685";2019-06-09 18:00:00;"19,85371253";"9";133;5,52083333333333
"686";2019-06-09 19:00:00;"11,73173922";"9";134;5,5625
"687";2019-06-09 20:00:00;"8,887086735";"9";135;5,60416666666667
"688";2019-06-09 21:00:00;"8,632048926";"9";136;5,64583333333333
"689";2019-06-09 22:00:00;"10,16227578";"9";137;5,6875
"690";2019-06-09 23:00:00;"9,750291628";"9";138;5,72916666666667
"691";2019-07-05 01:00:00;"6,277853764";"5";139;5,77083333333333
"692";2019-07-05 02:00:00;"6,984112313";"5";140;5,8125
"693";2019-07-05 03:00:00;"6,51327328";"5";141;5,85416666666667
"694";2019-07-05 04:00:00;"7,768844033";"5";142;5,89583333333333
"695";2019-07-05 05:00:00;"8,357392824";"5";143;5,9375
"696";2019-07-05 06:00:00;"7,572661103";"5";144;5,97916666666667
"697";2019-07-05 07:00:00;"8,435865996";"5";145;6,02083333333333
"698";2019-07-05 08:00:00;"9,044033079";"5";146;6,0625
"699";2019-07-05 09:00:00;"15,81234417";"5";147;6,10416666666667
"700";2019-07-05 10:00:00;"28,56423463";"5";148;6,14583333333333
"701";2019-07-05 11:00:00;"43,86650318";"5";149;6,1875
"702";2019-07-05 12:00:00;"61,64067665";"5";150;6,22916666666667
"703";2019-07-05 13:00:00;"66,29021209";"5";151;6,27083333333333
"704";2019-07-05 14:00:00;"71,5871512";"5";152;6,3125
"705";2019-07-05 15:00:00;"91,30353568";"5";153;6,35416666666667
"706";2019-07-05 16:00:00;"88,47850149";"5";154;6,39583333333333
"707";2019-07-05 17:00:00;"68,15394993";"5";155;6,4375
"708";2019-07-05 18:00:00;"30,19255295";"5";156;6,47916666666667
"709";2019-07-05 19:00:00;"18,59814178";"5";157;6,52083333333333
"710";2019-07-05 20:00:00;"13,41891242";"5";158;6,5625
"711";2019-07-05 21:00:00;"14,14478926";"5";159;6,60416666666667
"712";2019-07-05 22:00:00;"12,32028801";"5";160;6,64583333333333
"713";2019-07-05 23:00:00;"12,20257825";"5";161;6,6875
"714";2019-07-06 01:00:00;"17,79379176";"6";139;5,77083333333333
"715";2019-07-06 02:00:00;"17,63684542";"6";140;5,8125
"716";2019-07-06 03:00:00;"16,12623686";"6";141;5,85416666666667
"717";2019-07-06 04:00:00;"16,93058687";"6";142;5,89583333333333
"718";2019-07-06 05:00:00;"10,80967945";"6";143;5,9375
"719";2019-07-06 06:00:00;"8,220064773";"6";144;5,97916666666667
"720";2019-07-06 07:00:00;"8,494720875";"6";145;6,02083333333333
"721";2019-07-06 08:00:00;"10,41731359";"6";146;6,0625
"722";2019-07-06 09:00:00;"18,55890519";"6";147;6,10416666666667
"723";2019-07-06 10:00:00;"33,80231886";"6";148;6,14583333333333
"724";2019-07-06 11:00:00;"48,41794716";"6";149;6,1875
"725";2019-07-06 12:00:00;"58,32518513";"6";150;6,22916666666667
"726";2019-07-06 13:00:00;"74,35333052";"6";151;6,27083333333333
"727";2019-07-06 14:00:00;"76,15821348";"6";152;6,3125
"728";2019-07-06 15:00:00;"84,35865996";"6";153;6,35416666666667
"729";2019-07-06 16:00:00;"85,88888681";"6";154;6,39583333333333
"730";2019-07-06 17:00:00;"77,39416594";"6";155;6,4375
"731";2019-07-06 18:00:00;"44,94550929";"6";156;6,47916666666667
"732";2019-07-06 19:00:00;"27,26942729";"6";157;6,52083333333333
"733";2019-07-06 20:00:00;"18,5392869";"6";158;6,5625
"734";2019-07-06 21:00:00;"13,71318682";"6";159;6,60416666666667
"735";2019-07-06 22:00:00;"10,98624409";"6";160;6,64583333333333
"736";2019-07-06 23:00:00;"9,416780646";"6";161;6,6875
"737";2019-07-07 01:00:00;"8,710522098";"7";139;5,77083333333333
"738";2019-07-07 02:00:00;"8,180828186";"7";140;5,8125
"739";2019-07-07 03:00:00;"8,847850149";"7";141;5,85416666666667
"740";2019-07-07 04:00:00;"8,533957461";"7";142;5,89583333333333
"741";2019-07-07 05:00:00;"7,55304281";"7";143;5,9375
"742";2019-07-07 06:00:00;"7,239150122";"7";144;5,97916666666667
"743";2019-07-07 07:00:00;"8,082736721";"7";145;6,02083333333333
"744";2019-07-07 08:00:00;"12,26143313";"7";146;6,0625
"745";2019-07-07 09:00:00;"21,38393938";"7";147;6,10416666666667
"746";2019-07-07 10:00:00;"34,39086765";"7";148;6,14583333333333
"747";2019-07-07 11:00:00;"52,40046064";"7";149;6,1875
"748";2019-07-07 12:00:00;"67,99700358";"7";150;6,22916666666667
"749";2019-07-07 13:00:00;"79,23828548";"7";151;6,27083333333333
"750";2019-07-07 14:00:00;"80,74889404";"7";152;6,3125
"751";2019-07-07 15:00:00;"88,34117344";"7";153;6,35416666666667
"752";2019-07-07 16:00:00;"94,8936833";"7";154;6,39583333333333
"753";2019-07-07 17:00:00;"44,6512349";"7";155;6,4375
"754";2019-07-07 18:00:00;"36,84315428";"7";156;6,47916666666667
"755";2019-07-07 19:00:00;"33,50804447";"7";157;6,52083333333333
"756";2019-07-07 20:00:00;"23,16920405";"7";158;6,5625
"757";2019-07-07 21:00:00;"14,14478926";"7";159;6,60416666666667
"758";2019-07-07 22:00:00;"12,32028801";"7";160;6,64583333333333
"759";2019-07-07 23:00:00;"10,88815262";"7";161;6,6875
"760";2019-07-08 01:00:00;"16,04776368";"8";139;5,77083333333333
"761";2019-07-08 02:00:00;"14,83142952";"8";140;5,8125
"762";2019-07-08 03:00:00;"13,88975145";"8";141;5,85416666666667
"763";2019-07-08 04:00:00;"11,55517458";"8";142;5,89583333333333
"764";2019-07-08 05:00:00;"11,20204531";"8";143;5,9375
"765";2019-07-08 06:00:00;"8,063118428";"8";144;5,97916666666667
"766";2019-07-08 07:00:00;"9,083269665";"8";145;6,02083333333333
"767";2019-07-08 08:00:00;"11,26090019";"8";146;6,0625
"768";2019-07-08 09:00:00;"20,04989546";"8";147;6,10416666666667
"769";2019-07-08 10:00:00;"37,03933721";"8";148;6,14583333333333
"770";2019-07-08 11:00:00;"50,73290573";"8";149;6,1875
"771";2019-07-08 12:00:00;"59,34533636";"8";150;6,22916666666667
"772";2019-07-08 13:00:00;"69,84112313";"8";151;6,27083333333333
"773";2019-07-08 14:00:00;"78,47317205";"8";152;6,3125
"774";2019-07-08 15:00:00;"65,64280842";"8";153;6,35416666666667
"775";2019-07-08 16:00:00;"55,99060826";"8";154;6,39583333333333
"776";2019-07-08 17:00:00;"31,80125297";"8";155;6,4375
"777";2019-07-08 18:00:00;"23,67927967";"8";156;6,47916666666667
"778";2019-07-08 19:00:00;"39,8643714";"8";157;6,52083333333333
"779";2019-07-08 20:00:00;"24,58172115";"8";158;6,5625
"780";2019-07-08 21:00:00;"29,4862944";"8";159;6,60416666666667
"781";2019-07-08 22:00:00;"16,63631248";"8";160;6,64583333333333
"782";2019-07-08 23:00:00;"14,00746121";"8";161;6,6875
"783";2019-07-09 01:00:00;"11,59441117";"9";139;5,77083333333333
"784";2019-07-09 02:00:00;"11,96715874";"9";140;5,8125
"785";2019-07-09 03:00:00;"9,730673335";"9";141;5,85416666666667
"786";2019-07-09 04:00:00;"9,024414786";"9";142;5,89583333333333
"787";2019-07-09 05:00:00;"8,318156238";"9";143;5,9375
"788";2019-07-09 06:00:00;"7,317623294";"9";144;5,97916666666667
"789";2019-07-09 07:00:00;"7,533424517";"9";145;6,02083333333333
"790";2019-07-09 08:00:00;"8,298537945";"9";146;6,0625
"791";2019-07-09 09:00:00;"13,57585877";"9";147;6,10416666666667
"792";2019-07-09 10:00:00;"34,76361522";"9";148;6,14583333333333
"793";2019-07-09 11:00:00;"58,6783144";"9";149;6,1875
"794";2019-07-09 12:00:00;"63,85754376";"9";150;6,22916666666667
"795";2019-07-09 13:00:00;"68,48746091";"9";151;6,27083333333333
"796";2019-07-09 14:00:00;"65,1327328";"9";152;6,3125
"797";2019-07-09 15:00:00;"65,52509866";"9";153;6,35416666666667
"798";2019-07-09 16:00:00;"62,11151568";"9";154;6,39583333333333
"799";2019-07-09 17:00:00;"53,65603139";"9";155;6,4375
"800";2019-07-09 18:00:00;"41,21803362";"9";156;6,47916666666667
"801";2019-07-09 19:00:00;"19,02974422";"9";157;6,52083333333333
"802";2019-07-09 20:00:00;"16,44012955";"9";158;6,5625
"803";2019-07-09 21:00:00;"ND";"9";159;6,60416666666667
"804";2019-07-09 22:00:00;"ND";"9";160;6,64583333333333
"805";2019-07-09 23:00:00;"16,44012955";"9";161;6,6875
"806";2019-08-05 01:00:00;"10,61349652";"5";162;6,72916666666667
"807";2019-08-05 02:00:00;"10,65273311";"5";163;6,77083333333333
"808";2019-08-05 03:00:00;"9,730673335";"5";164;6,8125
"809";2019-08-05 04:00:00;"10,51540506";"5";165;6,85416666666667
"810";2019-08-05 05:00:00;"9,220597716";"5";166;6,89583333333333
"811";2019-08-05 06:00:00;"9,142124544";"5";167;6,9375
"812";2019-08-05 07:00:00;"9,612963576";"5";168;6,97916666666667
"813";2019-08-05 08:00:00;"9,338307474";"5";169;7,02083333333333
"814";2019-08-05 09:00:00;"22,1686711";"5";170;7,0625
"815";2019-08-05 10:00:00;"42,74826048";"5";171;7,10416666666667
"816";2019-08-05 11:00:00;"60,22815955";"5";172;7,14583333333333
"817";2019-08-05 12:00:00;"ND";"5";173;7,1875
"818";2019-08-05 13:00:00;"58,54098635";"5";174;7,22916666666667
"819";2019-08-05 14:00:00;"65,05425963";"5";175;7,27083333333333
"820";2019-08-05 15:00:00;"60,77747175";"5";176;7,3125
"821";2019-08-05 16:00:00;"63,89678034";"5";177;7,35416666666667
"822";2019-08-05 17:00:00;"86,08506974";"5";178;7,39583333333333
"823";2019-08-05 18:00:00;"45,4948215";"5";179;7,4375
"824";2019-08-05 19:00:00;"19,52020155";"5";180;7,47916666666667
"825";2019-08-05 20:00:00;"15,36112343";"5";181;7,52083333333333
"826";2019-08-05 21:00:00;"12,83036363";"5";182;7,5625
"827";2019-08-05 22:00:00;"10,63311481";"5";183;7,60416666666667
"828";2019-08-05 23:00:00;"9,57372699";"5";184;7,64583333333333
"829";2019-08-06 01:00:00;"8,867468442";"6";162;6,72916666666667
"830";2019-08-06 02:00:00;"9,711055042";"6";163;6,77083333333333
"831";2019-08-06 03:00:00;"8,710522098";"6";164;6,8125
"832";2019-08-06 04:00:00;"8,847850149";"6";165;6,85416666666667
"833";2019-08-06 05:00:00;"7,808080619";"6";166;6,89583333333333
"834";2019-08-06 06:00:00;"7,533424517";"6";167;6,9375
"835";2019-08-06 07:00:00;"7,847317205";"6";168;6,97916666666667
"836";2019-08-06 08:00:00;"8,239683066";"6";169;7,02083333333333
"837";2019-08-06 09:00:00;"13,22272949";"6";170;7,0625
"838";2019-08-06 10:00:00;"32,58598469";"6";171;7,10416666666667
"839";2019-08-06 11:00:00;"48,10405447";"6";172;7,14583333333333
"840";2019-08-06 12:00:00;"62,79815594";"6";173;7,1875
"841";2019-08-06 13:00:00;"77,74729521";"6";174;7,22916666666667
"842";2019-08-06 14:00:00;"104,5262652";"6";175;7,27083333333333
"843";2019-08-06 15:00:00;"120,0247167";"6";176;7,3125
"844";2019-08-06 16:00:00;"108,332214";"6";177;7,35416666666667
"845";2019-08-06 17:00:00;"90,16567469";"6";178;7,39583333333333
"846";2019-08-06 18:00:00;"56,53992046";"6";179;7,4375
"847";2019-08-06 19:00:00;"21,01119182";"6";180;7,47916666666667
"848";2019-08-06 20:00:00;"15,10608562";"6";181;7,52083333333333
"849";2019-08-06 21:00:00;"11,08433555";"6";182;7,5625
"850";2019-08-06 22:00:00;"14,49791854";"6";183;7,60416666666667
"851";2019-08-06 23:00:00;"13,04616485";"6";184;7,64583333333333
"852";2019-08-07 01:00:00;"16,45974784";"7";162;6,72916666666667
"853";2019-08-07 02:00:00;"16,51860272";"7";163;6,77083333333333
"854";2019-08-07 03:00:00;"12,94807339";"7";164;6,8125
"855";2019-08-07 04:00:00;"12,28105143";"7";165;6,85416666666667
"856";2019-08-07 05:00:00;"9,848383093";"7";166;6,89583333333333
"857";2019-08-07 06:00:00;"9,220597716";"7";167;6,9375
"858";2019-08-07 07:00:00;"10,22113066";"7";168;6,97916666666667
"859";2019-08-07 08:00:00;"14,0466978";"7";169;7,02083333333333
"860";2019-08-07 09:00:00;"24,18935529";"7";170;7,0625
"861";2019-08-07 10:00:00;"38,39299943";"7";171;7,10416666666667
"862";2019-08-07 11:00:00;"54,71541921";"7";172;7,14583333333333
"863";2019-08-07 12:00:00;"64,83845841";"7";173;7,1875
"864";2019-08-07 13:00:00;"82,86766969";"7";174;7,22916666666667
"865";2019-08-07 14:00:00;"87,77224294";"7";175;7,27083333333333
"866";2019-08-07 15:00:00;"87,06598439";"7";176;7,3125
"867";2019-08-07 16:00:00;"70,56699997";"7";177;7,35416666666667
"868";2019-08-07 17:00:00;"58,93335221";"7";178;7,39583333333333
"869";2019-08-07 18:00:00;"46,16184346";"7";179;7,4375
"870";2019-08-07 19:00:00;"31,89934444";"7";180;7,47916666666667
"871";2019-08-07 20:00:00;"19,44172838";"7";181;7,52083333333333
"872";2019-08-07 21:00:00;"11,94754045";"7";182;7,5625
"873";2019-08-07 22:00:00;"13,32082096";"7";183;7,60416666666667
"874";2019-08-07 23:00:00;"17,32295273";"7";184;7,64583333333333
"875";2019-08-08 01:00:00;"12,6341807";"8";162;6,72916666666667
"876";2019-08-08 02:00:00;"13,96822463";"8";163;6,77083333333333
"877";2019-08-08 03:00:00;"13,55624047";"8";164;6,8125
"878";2019-08-08 04:00:00;"12,67341729";"8";165;6,85416666666667
"879";2019-08-08 05:00:00;"10,59387823";"8";166;6,89583333333333
"880";2019-08-08 06:00:00;"8,769376977";"8";167;6,9375
"881";2019-08-08 07:00:00;"8,455484289";"8";168;6,97916666666667
"882";2019-08-08 08:00:00;"11,53555629";"8";169;7,02083333333333
"883";2019-08-08 09:00:00;"16,75402223";"8";170;7,0625
"884";2019-08-08 10:00:00;"27,26942729";"8";171;7,10416666666667
"885";2019-08-08 11:00:00;"41,68887265";"8";172;7,14583333333333
"886";2019-08-08 12:00:00;"67,46730967";"8";173;7,1875
"887";2019-08-08 13:00:00;"70,09616094";"8";174;7,22916666666667
"888";2019-08-08 14:00:00;"75,60890127";"8";175;7,27083333333333
"889";2019-08-08 15:00:00;"84,02514898";"8";176;7,3125
"890";2019-08-08 16:00:00;"73,11737806";"8";177;7,35416666666667
"891";2019-08-08 17:00:00;"63,1905218";"8";178;7,39583333333333
"892";2019-08-08 18:00:00;"46,8877203";"8";179;7,4375
"893";2019-08-08 19:00:00;"29,78056879";"8";180;7,47916666666667
"894";2019-08-08 20:00:00;"26,91629801";"8";181;7,52083333333333
"895";2019-08-08 21:00:00;"22,05096135";"8";182;7,5625
"896";2019-08-08 22:00:00;"15,12570391";"8";183;7,60416666666667
"897";2019-08-08 23:00:00;"12,26143313";"8";184;7,64583333333333
"898";2019-08-09 01:00:00;"9,750291628";"9";162;6,72916666666667
"899";2019-08-09 02:00:00;"10,73120628";"9";163;6,77083333333333
"900";2019-08-09 03:00:00;"10,26036725";"9";164;6,8125
"901";2019-08-09 04:00:00;"8,828231856";"9";165;6,85416666666667
"902";2019-08-09 05:00:00;"8,553575754";"9";166;6,89583333333333
"903";2019-08-09 06:00:00;"7,239150122";"9";167;6,9375
"904";2019-08-09 07:00:00;"8,161209893";"9";168;6,97916666666667
"905";2019-08-09 08:00:00;"11,06471726";"9";169;7,02083333333333
"906";2019-08-09 09:00:00;"16,36165637";"9";170;7,0625
"907";2019-08-09 10:00:00;"26,44545898";"9";171;7,10416666666667
"908";2019-08-09 11:00:00;"36,29384207";"9";172;7,14583333333333
"909";2019-08-09 12:00:00;"55,71595216";"9";173;7,1875
"910";2019-08-09 13:00:00;"71,62638779";"9";174;7,22916666666667
"911";2019-08-09 14:00:00;"72,35226463";"9";175;7,27083333333333
"912";2019-08-09 15:00:00;"63,89678034";"9";176;7,3125
"913";2019-08-09 16:00:00;"65,44662549";"9";177;7,35416666666667
"914";2019-08-09 17:00:00;"64,56380231";"9";178;7,39583333333333
"915";2019-08-09 18:00:00;"66,85914259";"9";179;7,4375
"916";2019-08-09 19:00:00;"40,57062995";"9";180;7,47916666666667
"917";2019-08-09 20:00:00;"14,24288073";"9";181;7,52083333333333
"918";2019-08-09 21:00:00;"10,02494773";"9";182;7,5625
"919";2019-08-09 22:00:00;"10,08380261";"9";183;7,60416666666667
"920";2019-08-09 23:00:00;"10,12303919";"9";184;7,64583333333333
"921";2019-09-05 01:00:00;"14,30173561";"5";185;7,6875
"922";2019-09-05 02:00:00;"19,40249179";"5";186;7,72916666666667
"923";2019-09-05 03:00:00;"17,71531859";"5";187;7,77083333333333
"924";2019-09-05 04:00:00;"15,61616124";"5";188;7,8125
"925";2019-09-05 05:00:00;"11,86906727";"5";189;7,85416666666667
"926";2019-09-05 06:00:00;"10,79006116";"5";190;7,89583333333333
"927";2019-09-05 07:00:00;"11,18242702";"5";191;7,9375
"928";2019-09-05 08:00:00;"15,87119905";"5";192;7,97916666666667
"929";2019-09-05 09:00:00;"27,17133582";"5";193;8,02083333333333
"930";2019-09-05 10:00:00;"38,37338113";"5";194;8,0625
"931";2019-09-05 11:00:00;"52,53778869";"5";195;8,10416666666667
"932";2019-09-05 12:00:00;"103,3295493";"5";196;8,14583333333333
"933";2019-09-05 13:00:00;"103,9180981";"5";197;8,1875
"934";2019-09-05 14:00:00;"98,58192239";"5";198;8,22916666666667
"935";2019-09-05 15:00:00;"80,55271111";"5";199;8,27083333333333
"936";2019-09-05 16:00:00;"56,1475546";"5";200;8,3125
"937";2019-09-05 17:00:00;"61,73876811";"5";201;8,35416666666667
"938";2019-09-05 18:00:00;"43,17986292";"5";202;8,39583333333333
"939";2019-09-05 19:00:00;"23,3065321";"5";203;8,4375
"940";2019-09-05 20:00:00;"18,63737836";"5";204;8,47916666666667
"941";2019-09-05 21:00:00;"14,71371976";"5";205;8,52083333333333
"942";2019-09-05 22:00:00;"13,87013316";"5";206;8,5625
"943";2019-09-05 23:00:00;"13,49738559";"5";207;8,60416666666667
"944";2019-09-06 01:00:00;"17,38180761";"6";185;7,6875
"945";2019-09-06 02:00:00;"17,22486127";"6";186;7,72916666666667
"946";2019-09-06 03:00:00;"16,73440394";"6";187;7,77083333333333
"947";2019-09-06 04:00:00;"13,65433194";"6";188;7,8125
"948";2019-09-06 05:00:00;"12,94807339";"6";189;7,85416666666667
"949";2019-09-06 06:00:00;"12,28105143";"6";190;7,89583333333333
"950";2019-09-06 07:00:00;"13,04616485";"6";191;7,9375
"951";2019-09-06 08:00:00;"17,46028078";"6";192;7,97916666666667
"952";2019-09-06 09:00:00;"30,80072003";"6";193;8,02083333333333
"953";2019-09-06 10:00:00;"41,64963607";"6";194;8,0625
"954";2019-09-06 11:00:00;"54,14648872";"6";195;8,10416666666667
"955";2019-09-06 12:00:00;"58,99220709";"6";196;8,14583333333333
"956";2019-09-06 13:00:00;"59,22762661";"6";197;8,1875
"957";2019-09-06 14:00:00;"56,9911412";"6";198;8,22916666666667
"958";2019-09-06 15:00:00;"61,4837303";"6";199;8,27083333333333
"959";2019-09-06 16:00:00;"59,16877173";"6";200;8,3125
"960";2019-09-06 17:00:00;"46,8877203";"6";201;8,35416666666667
"961";2019-09-06 18:00:00;"37,80445064";"6";202;8,39583333333333
"962";2019-09-06 19:00:00;"18,59814178";"6";203;8,4375
"963";2019-09-06 20:00:00;"15,32188684";"6";204;8,47916666666667
"964";2019-09-06 21:00:00;"14,36059049";"6";205;8,52083333333333
"965";2019-09-06 22:00:00;"14,69410147";"6";206;8,5625
"966";2019-09-06 23:00:00;"14,81181122";"6";207;8,60416666666667
"967";2019-09-07 01:00:00;"13,08540144";"7";185;7,6875
"968";2019-09-07 02:00:00;"14,57639171";"7";186;7,72916666666667
"969";2019-09-07 03:00:00;"15,63577953";"7";187;7,77083333333333
"970";2019-09-07 04:00:00;"12,0848685";"7";188;7,8125
"971";2019-09-07 05:00:00;"11,26090019";"7";189;7,85416666666667
"972";2019-09-07 06:00:00;"10,43693188";"7";190;7,89583333333333
"973";2019-09-07 07:00:00;"11,53555629";"7";191;7,9375
"974";2019-09-07 08:00:00;"16,63631248";"7";192;7,97916666666667
"975";2019-09-07 09:00:00;"36,94124574";"7";193;8,02083333333333
"976";2019-09-07 10:00:00;"59,8161754";"7";194;8,0625
"977";2019-09-07 11:00:00;"73,15661465";"7";195;8,10416666666667
"978";2019-09-07 12:00:00;"89,42017955";"7";196;8,14583333333333
"979";2019-09-07 13:00:00;"113,2760239";"7";197;8,1875
"980";2019-09-07 14:00:00;"114,8847239";"7";198;8,22916666666667
"981";2019-09-07 15:00:00;"109,4896933";"7";199;8,27083333333333
"982";2019-09-07 16:00:00;"100,0140578";"7";200;8,3125
"983";2019-09-07 17:00:00;"74,43180369";"7";201;8,35416666666667
"984";2019-09-07 18:00:00;"56,61839364";"7";202;8,39583333333333
"985";2019-09-07 19:00:00;"38,37338113";"7";203;8,4375
"986";2019-09-07 20:00:00;"38,4714726";"7";204;8,47916666666667
"987";2019-09-07 21:00:00;"31,89934444";"7";205;8,52083333333333
"988";2019-09-07 22:00:00;"19,81447594";"7";206;8,5625
"989";2019-09-07 23:00:00;"17,51913566";"7";207;8,60416666666667
"990";2019-09-08 01:00:00;"18,42157714";"8";185;7,6875
"991";2019-09-08 02:00:00;"17,02867834";"8";186;7,72916666666667
"992";2019-09-08 03:00:00;"15,53768807";"8";187;7,77083333333333
"993";2019-09-08 04:00:00;"13,36005754";"8";188;7,8125
"994";2019-09-08 05:00:00;"11,84944898";"8";189;7,85416666666667
"995";2019-09-08 06:00:00;"12,43799777";"8";190;7,89583333333333
"996";2019-09-08 07:00:00;"11,98677703";"8";191;7,9375
"997";2019-09-08 08:00:00;"17,89188323";"8";192;7,97916666666667
"998";2019-09-08 09:00:00;"36,90200916";"8";193;8,02083333333333
"999";2019-09-08 10:00:00;"66,52563161";"8";194;8,0625
"1000";2019-09-08 11:00:00;"90,67575031";"8";195;8,10416666666667
"1001";2019-09-08 12:00:00;"109,8428226";"8";196;8,14583333333333
"1002";2019-09-08 13:00:00;"120,0247167";"8";197;8,1875
"1003";2019-09-08 14:00:00;"126,4202802";"8";198;8,22916666666667
"1004";2019-09-08 15:00:00;"123,9876118";"8";199;8,27083333333333
"1005";2019-09-08 16:00:00;"96,65932968";"8";200;8,3125
"1006";2019-09-08 17:00:00;"65,56433525";"8";201;8,35416666666667
"1007";2019-09-08 18:00:00;"41,49268972";"8";202;8,39583333333333
"1008";2019-09-08 19:00:00;"33,39033471";"8";203;8,4375
"1009";2019-09-08 20:00:00;"20,52073449";"8";204;8,47916666666667
"1010";2019-09-08 21:00:00;"20,2264601";"8";205;8,52083333333333
"1011";2019-09-08 22:00:00;"17,676082";"8";206;8,5625
"1012";2019-09-08 23:00:00;"13,53662218";"8";207;8,60416666666667
"1013";2019-09-09 01:00:00;"14,43906366";"9";185;7,6875
"1014";2019-09-09 02:00:00;"14,34097219";"9";186;7,72916666666667
"1015";2019-09-09 03:00:00;"15,45921489";"9";187;7,77083333333333
"1016";2019-09-09 04:00:00;"15,4395966";"9";188;7,8125
"1017";2019-09-09 05:00:00;"13,34043925";"9";189;7,85416666666667
"1018";2019-09-09 06:00:00;"11,39822824";"9";190;7,89583333333333
"1019";2019-09-09 07:00:00;"11,53555629";"9";191;7,9375
"1020";2019-09-09 08:00:00;"15,24341367";"9";192;7,97916666666667
"1021";2019-09-09 09:00:00;"31,7227798";"9";193;8,02083333333333
"1022";2019-09-09 10:00:00;"58,01129244";"9";194;8,0625
"1023";2019-09-09 11:00:00;"78,9047745";"9";195;8,10416666666667
"1024";2019-09-09 12:00:00;"96,63971138";"9";196;8,14583333333333
"1025";2019-09-09 13:00:00;"93,01032718";"9";197;8,1875
"1026";2019-09-09 14:00:00;"75,41271834";"9";198;8,22916666666667
"1027";2019-09-09 15:00:00;"79,59141475";"9";199;8,27083333333333
"1028";2019-09-09 16:00:00;"86,83056488";"9";200;8,3125
"1029";2019-09-09 17:00:00;"70,74356461";"9";201;8,35416666666667
"1030";2019-09-09 18:00:00;"48,59451179";"9";202;8,39583333333333
"1031";2019-09-09 19:00:00;"35,33254572";"9";203;8,4375
"1032";2019-09-09 20:00:00;"16,77364053";"9";204;8,47916666666667
"1033";2019-09-09 21:00:00;"14,85104781";"9";205;8,52083333333333
"1034";2019-09-09 22:00:00;"16,14585515";"9";206;8,5625
"1035";2019-09-09 23:00:00;"14,73333805";"9";207;8,60416666666667
"1036";2019-10-05 01:00:00;"17,61722713";"5";208;8,64583333333333
"1037";2019-10-05 02:00:00;"15,28265026";"5";209;8,6875
"1038";2019-10-05 03:00:00;"17,00906004";"5";210;8,72916666666667
"1039";2019-10-05 04:00:00;"15,08646733";"5";211;8,77083333333333
"1040";2019-10-05 05:00:00;"14,38020878";"5";212;8,8125
"1041";2019-10-05 06:00:00;"14,30173561";"5";213;8,85416666666667
"1042";2019-10-05 07:00:00;"14,41944536";"5";214;8,89583333333333
"1043";2019-10-05 08:00:00;"17,65646371";"5";215;8,9375
"1044";2019-10-05 09:00:00;"27,42637363";"5";216;8,97916666666667
"1045";2019-10-05 10:00:00;"41,47307143";"5";217;9,02083333333333
"1046";2019-10-05 11:00:00;"48,0255813";"5";218;9,0625
"1047";2019-10-05 12:00:00;"64,19105474";"5";219;9,10416666666667
"1048";2019-10-05 13:00:00;"110,1567153";"5";220;9,14583333333333
"1049";2019-10-05 14:00:00;"97,83642726";"5";221;9,1875
"1050";2019-10-05 15:00:00;"80,10149037";"5";222;9,22916666666667
"1051";2019-10-05 16:00:00;"48,28061911";"5";223;9,27083333333333
"1052";2019-10-05 17:00:00;"51,47840087";"5";224;9,3125
"1053";2019-10-05 18:00:00;"29,09392854";"5";225;9,35416666666667
"1054";2019-10-05 19:00:00;"26,58278703";"5";226;9,39583333333333
"1055";2019-10-05 20:00:00;"16,89135028";"5";227;9,4375
"1056";2019-10-05 21:00:00;"17,02867834";"5";228;9,47916666666667
"1057";2019-10-05 22:00:00;"18,18615762";"5";229;9,52083333333333
"1058";2019-10-05 23:00:00;"17,38180761";"5";230;9,5625
"1059";2019-10-06 01:00:00;"17,08753321";"6";208;8,64583333333333
"1060";2019-10-06 02:00:00;"18,22539421";"6";209;8,6875
"1061";2019-10-06 03:00:00;"15,79272588";"6";210;8,72916666666667
"1062";2019-10-06 04:00:00;"16,96982346";"6";211;8,77083333333333
"1063";2019-10-06 05:00:00;"18,69623324";"6";212;8,8125
"1064";2019-10-06 06:00:00;"17,89188323";"6";213;8,85416666666667
"1065";2019-10-06 07:00:00;"16,61669418";"6";214;8,89583333333333
"1066";2019-10-06 08:00:00;"19,48096496";"6";215;8,9375
"1067";2019-10-06 09:00:00;"22,93378453";"6";216;8,97916666666667
"1068";2019-10-06 10:00:00;"31,48736029";"6";217;9,02083333333333
"1069";2019-10-06 11:00:00;"48,35909228";"6";218;9,0625
"1070";2019-10-06 12:00:00;"68,13433163";"6";219;9,10416666666667
"1071";2019-10-06 13:00:00;"89,93025517";"6";220;9,14583333333333
"1072";2019-10-06 14:00:00;"68,93868165";"6";221;9,1875
"1073";2019-10-06 15:00:00;"45,78909589";"6";222;9,22916666666667
"1074";2019-10-06 16:00:00;"30,58491881";"6";223;9,27083333333333
"1075";2019-10-06 17:00:00;"28,60347121";"6";224;9,3125
"1076";2019-10-06 18:00:00;"23,62042479";"6";225;9,35416666666667
"1077";2019-10-06 19:00:00;"22,58065526";"6";226;9,39583333333333
"1078";2019-10-06 20:00:00;"25,81767361";"6";227;9,4375
"1079";2019-10-06 21:00:00;"25,58225409";"6";228;9,47916666666667
"1080";2019-10-06 22:00:00;"20,63844425";"6";229;9,52083333333333
"1081";2019-10-06 23:00:00;"23,0122577";"6";230;9,5625
"1082";2019-10-07 01:00:00;"29,89827855";"7";208;8,64583333333333
"1083";2019-10-07 02:00:00;"24,7190492";"7";209;8,6875
"1084";2019-10-07 03:00:00;"27,5048468";"7";210;8,72916666666667
"1085";2019-10-07 04:00:00;"25,52339921";"7";211;8,77083333333333
"1086";2019-10-07 05:00:00;"20,63844425";"7";212;8,8125
"1087";2019-10-07 06:00:00;"16,12623686";"7";213;8,85416666666667
"1088";2019-10-07 07:00:00;"16,36165637";"7";214;8,89583333333333
"1089";2019-10-07 08:00:00;"19,63791131";"7";215;8,9375
"1090";2019-10-07 09:00:00;"27,46561022";"7";216;8,97916666666667
"1091";2019-10-07 10:00:00;"47,88825325";"7";217;9,02083333333333
"1092";2019-10-07 11:00:00;"55,51976923";"7";218;9,0625
"1093";2019-10-07 12:00:00;"68,25204139";"7";219;9,10416666666667
"1094";2019-10-07 13:00:00;"82,61263188";"7";220;9,14583333333333
"1095";2019-10-07 14:00:00;"77,98271473";"7";221;9,1875
"1096";2019-10-07 15:00:00;"88,14499051";"7";222;9,22916666666667
"1097";2019-10-07 16:00:00;"62,0526608";"7";223;9,27083333333333
"1098";2019-10-07 17:00:00;"56,24564607";"7";224;9,3125
"1099";2019-10-07 18:00:00;"40,45292019";"7";225;9,35416666666667
"1100";2019-10-07 19:00:00;"25,44492604";"7";226;9,39583333333333
"1101";2019-10-07 20:00:00;"17,51913566";"7";227;9,4375
"1102";2019-10-07 21:00:00;"16,96982346";"7";228;9,47916666666667
"1103";2019-10-07 22:00:00;"17,83302835";"7";229;9,52083333333333
"1104";2019-10-07 23:00:00;"16,14585515";"7";230;9,5625
"1105";2019-10-08 01:00:00;"17,10715151";"8";208;8,64583333333333
"1106";2019-10-08 02:00:00;"16,81287711";"8";209;8,6875
"1107";2019-10-08 03:00:00;"16,22432832";"8";210;8,72916666666667
"1108";2019-10-08 04:00:00;"17,81341006";"8";211;8,77083333333333
"1109";2019-10-08 05:00:00;"17,00906004";"8";212;8,8125
"1110";2019-10-08 06:00:00;"16,10661856";"8";213;8,85416666666667
"1111";2019-10-08 07:00:00;"15,1649405";"8";214;8,89583333333333
"1112";2019-10-08 08:00:00;"18,42157714";"8";215;8,9375
"1113";2019-10-08 09:00:00;"18,77470641";"8";216;8,97916666666667
"1114";2019-10-08 10:00:00;"ND";"8";217;9,02083333333333
"1115";2019-10-08 11:00:00;"ND";"8";218;9,0625
"1116";2019-10-08 12:00:00;"66,72181454";"8";219;9,10416666666667
"1117";2019-10-08 13:00:00;"79,76797939";"8";220;9,14583333333333
"1118";2019-10-08 14:00:00;"82,39683066";"8";221;9,1875
"1119";2019-10-08 15:00:00;"75,96203055";"8";222;9,22916666666667
"1120";2019-10-08 16:00:00;"65,79975477";"8";223;9,27083333333333
"1121";2019-10-08 17:00:00;"41,13956045";"8";224;9,3125
"1122";2019-10-08 18:00:00;"30,72224686";"8";225;9,35416666666667
"1123";2019-10-08 19:00:00;"46,57382761";"8";226;9,39583333333333
"1124";2019-10-08 20:00:00;"18,63737836";"8";227;9,4375
"1125";2019-10-08 21:00:00;"21,63897719";"8";228;9,47916666666667
"1126";2019-10-08 22:00:00;"20,59920766";"8";229;9,52083333333333
"1127";2019-10-08 23:00:00;"15,79272588";"8";230;9,5625
"1128";2019-10-09 01:00:00;"14,61562829";"9";208;8,64583333333333
"1129";2019-10-09 02:00:00;"16,16547344";"9";209;8,6875
"1130";2019-10-09 03:00:00;"13,45814901";"9";210;8,72916666666667
"1131";2019-10-09 04:00:00;"12,51647094";"9";211;8,77083333333333
"1132";2019-10-09 05:00:00;"11,55517458";"9";212;8,8125
"1133";2019-10-09 06:00:00;"11,18242702";"9";213;8,85416666666667
"1134";2019-10-09 07:00:00;"11,69250264";"9";214;8,89583333333333
"1135";2019-10-09 08:00:00;"19,44172838";"9";215;8,9375
"1136";2019-10-09 09:00:00;"27,99530413";"9";216;8,97916666666667
"1137";2019-10-09 10:00:00;"39,55047871";"9";217;9,02083333333333
"1138";2019-10-09 11:00:00;"60,58128882";"9";218;9,0625
"1139";2019-10-09 12:00:00;"72,88195854";"9";219;9,10416666666667
"1140";2019-10-09 13:00:00;"92,20597716";"9";220;9,14583333333333
"1141";2019-10-09 14:00:00;"99,48436387";"9";221;9,1875
"1142";2019-10-09 15:00:00;"107,2139713";"9";222;9,22916666666667
"1143";2019-10-09 16:00:00;"120,0835715";"9";223;9,27083333333333
"1144";2019-10-09 17:00:00;"120,2993728";"9";224;9,3125
"1145";2019-10-09 18:00:00;"44,74932636";"9";225;9,35416666666667
"1146";2019-10-09 19:00:00;"29,64324074";"9";226;9,39583333333333
"1147";2019-10-09 20:00:00;"16,51860272";"9";227;9,4375
"1148";2019-10-09 21:00:00;"15,75348929";"9";228;9,47916666666667
"1149";2019-10-09 22:00:00;"15,75348929";"9";229;9,52083333333333
"1150";2019-10-09 23:00:00;"15,61616124";"9";230;9,5625
"1151";2019-11-05 01:00:00;"18,06844787";"5";231;9,60416666666667
"1152";2019-11-05 02:00:00;"17,57799054";"5";232;9,64583333333333
"1153";2019-11-05 03:00:00;"13,10501973";"5";233;9,6875
"1154";2019-11-05 04:00:00;"13,12463803";"5";234;9,72916666666667
"1155";2019-11-05 05:00:00;"11,65326605";"5";235;9,77083333333333
"1156";2019-11-05 06:00:00;"11,86906727";"5";236;9,8125
"1157";2019-11-05 07:00:00;"12,77150875";"5";237;9,85416666666667
"1158";2019-11-05 08:00:00;"15,49845148";"5";238;9,89583333333333
"1159";2019-11-05 09:00:00;"29,66285904";"5";239;9,9375
"1160";2019-11-05 10:00:00;"39,45238725";"5";240;9,97916666666667
"1161";2019-11-05 11:00:00;"71,037839";"5";241;10,0208333333333
"1162";2019-11-05 12:00:00;"86,10468803";"5";242;10,0625
"1163";2019-11-05 13:00:00;"93,28498328";"5";243;10,1041666666667
"1164";2019-11-05 14:00:00;"107,0374067";"5";244;10,1458333333333
"1165";2019-11-05 15:00:00;"95,52146868";"5";245;10,1875
"1166";2019-11-05 16:00:00;"54,97045702";"5";246;10,2291666666667
"1167";2019-11-05 17:00:00;"41,78696412";"5";247;10,2708333333333
"1168";2019-11-05 18:00:00;"26,09232971";"5";248;10,3125
"1169";2019-11-05 19:00:00;"17,46028078";"5";249;10,3541666666667
"1170";2019-11-05 20:00:00;"16,26356491";"5";250;10,3958333333333
"1171";2019-11-05 21:00:00;"ND";"5";251;10,4375
"1172";2019-11-05 22:00:00;"ND";"5";252;10,4791666666667
"1173";2019-11-05 23:00:00;"ND";"5";253;10,5208333333333
"1174";2019-11-06 01:00:00;"ND";"6";231;9,60416666666667
"1175";2019-11-06 02:00:00;"ND";"6";232;9,64583333333333
"1176";2019-11-06 03:00:00;"ND";"6";233;9,6875
"1177";2019-11-06 04:00:00;"ND";"6";234;9,72916666666667
"1178";2019-11-06 05:00:00;"ND";"6";235;9,77083333333333
"1179";2019-11-06 06:00:00;"ND";"6";236;9,8125
"1180";2019-11-06 07:00:00;"ND";"6";237;9,85416666666667
"1181";2019-11-06 08:00:00;"ND";"6";238;9,89583333333333
"1182";2019-11-06 09:00:00;"ND";"6";239;9,9375
"1183";2019-11-06 10:00:00;"ND";"6";240;9,97916666666667
"1184";2019-11-06 11:00:00;"ND";"6";241;10,0208333333333
"1185";2019-11-06 12:00:00;"ND";"6";242;10,0625
"1186";2019-11-06 13:00:00;"ND";"6";243;10,1041666666667
"1187";2019-11-06 14:00:00;"ND";"6";244;10,1458333333333
"1188";2019-11-06 15:00:00;"ND";"6";245;10,1875
"1189";2019-11-06 16:00:00;"ND";"6";246;10,2291666666667
"1190";2019-11-06 17:00:00;"ND";"6";247;10,2708333333333
"1191";2019-11-06 18:00:00;"ND";"6";248;10,3125
"1192";2019-11-06 19:00:00;"ND";"6";249;10,3541666666667
"1193";2019-11-06 20:00:00;"ND";"6";250;10,3958333333333
"1194";2019-11-06 21:00:00;"ND";"6";251;10,4375
"1195";2019-11-06 22:00:00;"ND";"6";252;10,4791666666667
"1196";2019-11-06 23:00:00;"ND";"6";253;10,5208333333333
"1197";2019-11-07 01:00:00;"ND";"7";231;9,60416666666667
"1198";2019-11-07 02:00:00;"ND";"7";232;9,64583333333333
"1199";2019-11-07 03:00:00;"ND";"7";233;9,6875
"1200";2019-11-07 04:00:00;"ND";"7";234;9,72916666666667
"1201";2019-11-07 05:00:00;"ND";"7";235;9,77083333333333
"1202";2019-11-07 06:00:00;"ND";"7";236;9,8125
"1203";2019-11-07 07:00:00;"ND";"7";237;9,85416666666667
"1204";2019-11-07 08:00:00;"ND";"7";238;9,89583333333333
"1205";2019-11-07 09:00:00;"ND";"7";239;9,9375
"1206";2019-11-07 10:00:00;"ND";"7";240;9,97916666666667
"1207";2019-11-07 11:00:00;"ND";"7";241;10,0208333333333
"1208";2019-11-07 12:00:00;"ND";"7";242;10,0625
"1209";2019-11-07 13:00:00;"ND";"7";243;10,1041666666667
"1210";2019-11-07 14:00:00;"ND";"7";244;10,1458333333333
"1211";2019-11-07 15:00:00;"ND";"7";245;10,1875
"1212";2019-11-07 16:00:00;"ND";"7";246;10,2291666666667
"1213";2019-11-07 17:00:00;"ND";"7";247;10,2708333333333
"1214";2019-11-07 18:00:00;"ND";"7";248;10,3125
"1215";2019-11-07 19:00:00;"ND";"7";249;10,3541666666667
"1216";2019-11-07 20:00:00;"ND";"7";250;10,3958333333333
"1217";2019-11-07 21:00:00;"ND";"7";251;10,4375
"1218";2019-11-07 22:00:00;"ND";"7";252;10,4791666666667
"1219";2019-11-07 23:00:00;"ND";"7";253;10,5208333333333
"1220";2019-11-08 01:00:00;"ND";"8";231;9,60416666666667
"1221";2019-11-08 02:00:00;"ND";"8";232;9,64583333333333
"1222";2019-11-08 03:00:00;"ND";"8";233;9,6875
"1223";2019-11-08 04:00:00;"ND";"8";234;9,72916666666667
"1224";2019-11-08 05:00:00;"ND";"8";235;9,77083333333333
"1225";2019-11-08 06:00:00;"ND";"8";236;9,8125
"1226";2019-11-08 07:00:00;"ND";"8";237;9,85416666666667
"1227";2019-11-08 08:00:00;"ND";"8";238;9,89583333333333
"1228";2019-11-08 09:00:00;"ND";"8";239;9,9375
"1229";2019-11-08 10:00:00;"ND";"8";240;9,97916666666667
"1230";2019-11-08 11:00:00;"ND";"8";241;10,0208333333333
"1231";2019-11-08 12:00:00;"ND";"8";242;10,0625
"1232";2019-11-08 13:00:00;"ND";"8";243;10,1041666666667
"1233";2019-11-08 14:00:00;"ND";"8";244;10,1458333333333
"1234";2019-11-08 15:00:00;"ND";"8";245;10,1875
"1235";2019-11-08 16:00:00;"ND";"8";246;10,2291666666667
"1236";2019-11-08 17:00:00;"ND";"8";247;10,2708333333333
"1237";2019-11-08 18:00:00;"ND";"8";248;10,3125
"1238";2019-11-08 19:00:00;"ND";"8";249;10,3541666666667
"1239";2019-11-08 20:00:00;"ND";"8";250;10,3958333333333
"1240";2019-11-08 21:00:00;"ND";"8";251;10,4375
"1241";2019-11-08 22:00:00;"ND";"8";252;10,4791666666667
"1242";2019-11-08 23:00:00;"ND";"8";253;10,5208333333333
"1243";2019-11-09 01:00:00;"ND";"9";231;9,60416666666667
"1244";2019-11-09 02:00:00;"ND";"9";232;9,64583333333333
"1245";2019-11-09 03:00:00;"ND";"9";233;9,6875
"1246";2019-11-09 04:00:00;"ND";"9";234;9,72916666666667
"1247";2019-11-09 05:00:00;"ND";"9";235;9,77083333333333
"1248";2019-11-09 06:00:00;"ND";"9";236;9,8125
"1249";2019-11-09 07:00:00;"ND";"9";237;9,85416666666667
"1250";2019-11-09 08:00:00;"ND";"9";238;9,89583333333333
"1251";2019-11-09 09:00:00;"ND";"9";239;9,9375
"1252";2019-11-09 10:00:00;"ND";"9";240;9,97916666666667
"1253";2019-11-09 11:00:00;"ND";"9";241;10,0208333333333
"1254";2019-11-09 12:00:00;"ND";"9";242;10,0625
"1255";2019-11-09 13:00:00;"ND";"9";243;10,1041666666667
"1256";2019-11-09 14:00:00;"ND";"9";244;10,1458333333333
"1257";2019-11-09 15:00:00;"ND";"9";245;10,1875
"1258";2019-11-09 16:00:00;"ND";"9";246;10,2291666666667
"1259";2019-11-09 17:00:00;"ND";"9";247;10,2708333333333
"1260";2019-11-09 18:00:00;"ND";"9";248;10,3125
"1261";2019-11-09 19:00:00;"ND";"9";249;10,3541666666667
"1262";2019-11-09 20:00:00;"ND";"9";250;10,3958333333333
"1263";2019-11-09 21:00:00;"ND";"9";251;10,4375
"1264";2019-11-09 22:00:00;"ND";"9";252;10,4791666666667
"1265";2019-11-09 23:00:00;"ND";"9";253;10,5208333333333
"1266";2019-12-05 01:00:00;"ND";"5";254;10,5625
"1267";2019-12-05 02:00:00;"ND";"5";255;10,6041666666667
"1268";2019-12-05 03:00:00;"ND";"5";256;10,6458333333333
"1269";2019-12-05 04:00:00;"ND";"5";257;10,6875
"1270";2019-12-05 05:00:00;"ND";"5";258;10,7291666666667
"1271";2019-12-05 06:00:00;"ND";"5";259;10,7708333333333
"1272";2019-12-05 07:00:00;"ND";"5";260;10,8125
"1273";2019-12-05 08:00:00;"ND";"5";261;10,8541666666667
"1274";2019-12-05 09:00:00;"10,08380261";"5";262;10,8958333333333
"1275";2019-12-05 10:00:00;"18,69623324";"5";263;10,9375
"1276";2019-12-05 11:00:00;"36,37231525";"5";264;10,9791666666667
"1277";2019-12-05 12:00:00;"50,85061549";"5";265;11,0208333333333
"1278";2019-12-05 13:00:00;"52,42007893";"5";266;11,0625
"1279";2019-12-05 14:00:00;"60,3654876";"5";267;11,1041666666667
"1280";2019-12-05 15:00:00;"87,20331244";"5";268;11,1458333333333
"1281";2019-12-05 16:00:00;"77,02141837";"5";269;11,1875
"1282";2019-12-05 17:00:00;"44,41581538";"5";270;11,2291666666667
"1283";2019-12-05 18:00:00;"22,63951014";"5";271;11,2708333333333
"1284";2019-12-05 19:00:00;"14,06631609";"5";272;11,3125
"1285";2019-12-05 20:00:00;"9,8287648";"5";273;11,3541666666667
"1286";2019-12-05 21:00:00;"9,004796493";"5";274;11,3958333333333
"1287";2019-12-05 22:00:00;"7,788462326";"5";275;11,4375
"1288";2019-12-05 23:00:00;"7,984645256";"5";276;11,4791666666667
"1289";2019-12-06 01:00:00;"12,57532582";"6";254;10,5625
"1290";2019-12-06 02:00:00;"10,86853433";"6";255;10,6041666666667
"1291";2019-12-06 03:00:00;"11,28051848";"6";256;10,6458333333333
"1292";2019-12-06 04:00:00;"9,122506251";"6";257;10,6875
"1293";2019-12-06 05:00:00;"10,47616847";"6";258;10,7291666666667
"1294";2019-12-06 06:00:00;"8,435865996";"6";259;10,7708333333333
"1295";2019-12-06 07:00:00;"7,768844033";"6";260;10,8125
"1296";2019-12-06 08:00:00;"9,024414786";"6";261;10,8541666666667
"1297";2019-12-06 09:00:00;"10,35845871";"6";262;10,8958333333333
"1298";2019-12-06 10:00:00;"14,0270795";"6";263;10,9375
"1299";2019-12-06 11:00:00;"19,67714789";"6";264;10,9791666666667
"1300";2019-12-06 12:00:00;"24,89561383";"6";265;11,0208333333333
"1301";2019-12-06 13:00:00;"31,56583346";"6";266;11,0625
"1302";2019-12-06 14:00:00;"43,12100804";"6";267;11,1041666666667
"1303";2019-12-06 15:00:00;"56,7164851";"6";268;11,1458333333333
"1304";2019-12-06 16:00:00;"76,25630494";"6";269;11,1875
"1305";2019-12-06 17:00:00;"38,03987015";"6";270;11,2291666666667
"1306";2019-12-06 18:00:00;"14,0466978";"6";271;11,2708333333333
"1307";2019-12-06 19:00:00;"10,31922212";"6";272;11,3125
"1308";2019-12-06 20:00:00;"8,730140391";"6";273;11,3541666666667
"1309";2019-12-06 21:00:00;"10,6723514";"6";274;11,3958333333333
"1310";2019-12-06 22:00:00;"11,67288434";"6";275;11,4375
"1311";2019-12-06 23:00:00;"10,6723514";"6";276;11,4791666666667
"1312";2019-12-07 01:00:00;"11,14319043";"7";254;10,5625
"1313";2019-12-07 02:00:00;"10,22113066";"7";255;10,6041666666667
"1314";2019-12-07 03:00:00;"10,6723514";"7";256;10,6458333333333
"1315";2019-12-07 04:00:00;"10,96662579";"7";257;10,6875
"1316";2019-12-07 05:00:00;"10,31922212";"7";258;10,7291666666667
"1317";2019-12-07 06:00:00;"8,690903805";"7";259;10,7708333333333
"1318";2019-12-07 07:00:00;"12,28105143";"7";260;10,8125
"1319";2019-12-07 08:00:00;"14,69410147";"7";261;10,8541666666667
"1320";2019-12-07 09:00:00;"13,04616485";"7";262;10,8958333333333
"1321";2019-12-07 10:00:00;"15,81234417";"7";263;10,9375
"1322";2019-12-07 11:00:00;"32,76254933";"7";264;10,9791666666667
"1323";2019-12-07 12:00:00;"44,88665441";"7";265;11,0208333333333
"1324";2019-12-07 13:00:00;"46,45611786";"7";266;11,0625
"1325";2019-12-07 14:00:00;"49,04573253";"7";267;11,1041666666667
"1326";2019-12-07 15:00:00;"46,67191908";"7";268;11,1458333333333
"1327";2019-12-07 16:00:00;"30,70262857";"7";269;11,1875
"1328";2019-12-07 17:00:00;"20,97195523";"7";270;11,2291666666667
"1329";2019-12-07 18:00:00;"22,38447233";"7";271;11,2708333333333
"1330";2019-12-07 19:00:00;"20,38340644";"7";272;11,3125
"1331";2019-12-07 20:00:00;"9,083269665";"7";273;11,3541666666667
"1332";2019-12-07 21:00:00;"10,20151237";"7";274;11,3958333333333
"1333";2019-12-07 22:00:00;"10,16227578";"7";275;11,4375
"1334";2019-12-07 23:00:00;"11,59441117";"7";276;11,4791666666667
"1335";2019-12-08 01:00:00;"7,572661103";"8";254;10,5625
"1336";2019-12-08 02:00:00;"6,199380592";"8";255;10,6041666666667
"1337";2019-12-08 03:00:00;"5,787396439";"8";256;10,6458333333333
"1338";2019-12-08 04:00:00;"5,610831802";"8";257;10,6875
"1339";2019-12-08 05:00:00;"5,944342783";"8";258;10,7291666666667
"1340";2019-12-08 06:00:00;"5,905106197";"8";259;10,7708333333333
"1341";2019-12-08 07:00:00;"6,670219624";"8";260;10,8125
"1342";2019-12-08 08:00:00;"8,847850149";"8";261;10,8541666666667
"1343";2019-12-08 09:00:00;"19,57905643";"8";262;10,8958333333333
"1344";2019-12-08 10:00:00;"41,96352876";"8";263;10,9375
"1345";2019-12-08 11:00:00;"57,18732413";"8";264;10,9791666666667
"1346";2019-12-08 12:00:00;"68,25204139";"8";265;11,0208333333333
"1347";2019-12-08 13:00:00;"72,74463049";"8";266;11,0625
"1348";2019-12-08 14:00:00;"95,50185039";"8";267;11,1041666666667
"1349";2019-12-08 15:00:00;"81,84751845";"8";268;11,1458333333333
"1350";2019-12-08 16:00:00;"58,9529705";"8";269;11,1875
"1351";2019-12-08 17:00:00;"38,15757991";"8";270;11,2291666666667
"1352";2019-12-08 18:00:00;"21,67821378";"8";271;11,2708333333333
"1353";2019-12-08 19:00:00;"11,53555629";"8";272;11,3125
"1354";2019-12-08 20:00:00;"8,200446479";"8";273;11,3541666666667
"1355";2019-12-08 21:00:00;"6,689837917";"8";274;11,3958333333333
"1356";2019-12-08 22:00:00;"6,630983038";"8";275;11,4375
"1357";2019-12-08 23:00:00;"6,042434248";"8";276;11,4791666666667
"1358";2019-12-09 01:00:00;"6,042434248";"9";254;10,5625
"1359";2019-12-09 02:00:00;"5,708923267";"9";255;10,6041666666667
"1360";2019-12-09 03:00:00;"6,179762299";"9";256;10,6458333333333
"1361";2019-12-09 04:00:00;"8,612430633";"9";257;10,6875
"1362";2019-12-09 05:00:00;"5,963961076";"9";258;10,7291666666667
"1363";2019-12-09 06:00:00;"6,081670834";"9";259;10,7708333333333
"1364";2019-12-09 07:00:00;"6,76831109";"9";260;10,8125
"1365";2019-12-09 08:00:00;"7,729607447";"9";261;10,8541666666667
"1366";2019-12-09 09:00:00;"9,926856265";"9";262;10,8958333333333
"1367";2019-12-09 10:00:00;"22,77683819";"9";263;10,9375
"1368";2019-12-09 11:00:00;"50,88985208";"9";264;10,9791666666667
"1369";2019-12-09 12:00:00;"69,76264995";"9";265;11,0208333333333
"1370";2019-12-09 13:00:00;"85,51613924";"9";266;11,0625
"1371";2019-12-09 14:00:00;"85,77117705";"9";267;11,1041666666667
"1372";2019-12-09 15:00:00;"76,98218178";"9";268;11,1458333333333
"1373";2019-12-09 16:00:00;"78,23775254";"9";269;11,1875
"1374";2019-12-09 17:00:00;"54,81351068";"9";270;11,2291666666667
"1375";2019-12-09 18:00:00;"36,66658964";"9";271;11,2708333333333
"1376";2019-12-09 19:00:00;"20,52073449";"9";272;11,3125
"1377";2019-12-09 20:00:00;"9,946474558";"9";273;11,3541666666667
"1378";2019-12-09 21:00:00;"9,220597716";"9";274;11,3958333333333
"1379";2019-12-09 22:00:00;"8,612430633";"9";275;11,4375
"1380";2019-12-09 23:00:00;"9,122506251";"9";276;11,4791666666667
